file,key,legacySection,legacyComment,rect,textKey,visibleText,textLegacyId,textLegacySymbol,textAlign,textAnchor,hasTextRect,font,fontStyle,fontSize,needsReview
data/defs/ui/packages/legacy_imgui/defines/ui_elements.fit,ui.element.button,,,,,,,,,,false,,,,false
data/defs/ui/packages/legacy_imgui/game/buttonlayout1024.fit,game.buttonlayout1024.button.default_attack_defunct,Button0,default attack- DEFUNCT,"884,595,64,40",,,,,center,center,false,Agency Regular,Regular,14,false
data/defs/ui/packages/legacy_imgui/game/buttonlayout1024.fit,game.buttonlayout1024.button.short_range_attack_defunct,Button1,short range attack DEFUNCT,"952,595,64,40",,,,,center,center,false,Agency Regular,Regular,14,false
data/defs/ui/packages/legacy_imgui/game/buttonlayout1024.fit,game.buttonlayout1024.button.medium_attack_defunct,Button2,medium attack  DEFUNCT,"884,639,64,40",,,,,center,center,false,Agency Regular,Regular,14,false
data/defs/ui/packages/legacy_imgui/game/buttonlayout1024.fit,game.buttonlayout1024.button.l_attack_defunct,Button3,l attack DEFUNCT,"952,639,64,40",,,,,center,center,false,Agency Regular,Regular,14,false
data/defs/ui/packages/legacy_imgui/game/buttonlayout1024.fit,game.buttonlayout1024.button.jump,Button4,jump,"951,603,64,59",,,,,center,center,false,Agency Regular,Regular,14,false
data/defs/ui/packages/legacy_imgui/game/buttonlayout1024.fit,game.buttonlayout1024.button.run,Button5,run,"885,603,64,59",,,,,center,center,false,Agency Regular,Regular,14,false
data/defs/ui/packages/legacy_imgui/game/buttonlayout1024.fit,game.buttonlayout1024.button.guard,Button6,guard,"885,664,64,59",,,,,center,center,false,Agency Regular,Regular,14,false
data/defs/ui/packages/legacy_imgui/game/buttonlayout1024.fit,game.buttonlayout1024.button.fire_from_current_pos,Button7,fire from current pos,"885,726,42,36",,,,,center,center,false,Agency Regular,Regular,14,false
data/defs/ui/packages/legacy_imgui/game/buttonlayout1024.fit,game.buttonlayout1024.button.stop,Button8,stop,"951,664,64,59",,,,,center,center,false,Agency Regular,Regular,14,false
data/defs/ui/packages/legacy_imgui/game/buttonlayout1024.fit,game.buttonlayout1024.button.info,Button9,info,"929,564,42,36",,,,,center,center,false,Agency Regular,Regular,14,false
data/defs/ui/packages/legacy_imgui/game/buttonlayout1024.fit,game.buttonlayout1024.button.objectives,Button10,objectives,"885,564,42,36",,,,,center,center,false,Agency Regular,Regular,14,false
data/defs/ui/packages/legacy_imgui/game/buttonlayout1024.fit,game.buttonlayout1024.button.pause_button_com_palette,Button11,PAUSE BUTTON - COM PALETTE,"973,564,42,36",,,,,center,center,false,Agency Regular,Regular,14,false
data/defs/ui/packages/legacy_imgui/game/buttonlayout1024.fit,game.buttonlayout1024.button.tac_map_tab,Button12,tac map tab,"0,501,72,47",,,,,center,center,false,Agency Regular,Regular,14,false
data/defs/ui/packages/legacy_imgui/game/buttonlayout1024.fit,game.buttonlayout1024.button.info_tab,Button13,info tab,"150,501,72,47",,,,,center,center,false,Agency Regular,Regular,14,false
data/defs/ui/packages/legacy_imgui/game/buttonlayout1024.fit,game.buttonlayout1024.button.support_tab,Button14,support tab,"75,501,72,47",,,,,center,center,false,Agency Regular,Regular,14,false
data/defs/ui/packages/legacy_imgui/game/buttonlayout1024.fit,game.buttonlayout1024.button.minelayer,Button15,minelayer,"973,726,42,36",,,,,center,center,false,Agency Regular,Regular,14,false
data/defs/ui/packages/legacy_imgui/game/buttonlayout1024.fit,game.buttonlayout1024.button.repair,Button16,repair,"973,726,42,36",,,,,center,center,false,Agency Regular,Regular,14,false
data/defs/ui/packages/legacy_imgui/game/buttonlayout1024.fit,game.buttonlayout1024.button.salvage,Button17,salvage,"973,726,42,36",,,,,center,center,false,Agency Regular,Regular,14,false
data/defs/ui/packages/legacy_imgui/game/buttonlayout1024.fit,game.buttonlayout1024.button.artillery_piece_supression_fire,Button18,artillery piece supression fire,"973,726,42,36",,,,,center,center,false,Agency Regular,Regular,14,false
data/defs/ui/packages/legacy_imgui/game/buttonlayout1024.fit,game.buttonlayout1024.button.hold_position,Button19,hold position,"929,726,42,36",,,,,center,center,false,Agency Regular,Regular,14,false
data/defs/ui/packages/legacy_imgui/game/buttonlayout1024.fit,game.buttonlayout1024.button.filler_button,Button20,filler button,"973,726,42,36",,,,,center,center,false,Agency Regular,Regular,14,false
data/defs/ui/packages/legacy_imgui/game/buttonlayout1024.fit,game.buttonlayout1024.button.button,ScrollButton,,"187,620,16,14",,,,,center,center,false,Agency Regular,Regular,14,false
data/defs/ui/packages/legacy_imgui/game/buttonlayout1024.fit,game.buttonlayout1024.button.scroll_up,InfoButton0,scroll up,"187,611,16,8",,,,,center,center,false,Agency Regular,Regular,14,false
data/defs/ui/packages/legacy_imgui/game/buttonlayout1024.fit,game.buttonlayout1024.button.scroll_down,InfoButton1,scroll down,"187,748,16,8",,,,,center,center,false,Agency Regular,Regular,14,false
data/defs/ui/packages/legacy_imgui/game/buttonlayout1024.fit,game.buttonlayout1024.button.obj,PauseButton0,obj,"888,116,128,22",legacy.mc2res.43000,OBJECTIVES,43000,IDS_OBJECTIVES,center,center,false,Agency Regular,Regular,14,false
data/defs/ui/packages/legacy_imgui/game/buttonlayout1024.fit,game.buttonlayout1024.button.inmissionsave,PauseButton1,inmissionsave,"888,143,128,22",legacy.mc2res.43001,QUICK SAVE,43001,IDS_INMISSION,center,center,false,Agency Regular,Regular,14,false
data/defs/ui/packages/legacy_imgui/game/buttonlayout1024.fit,game.buttonlayout1024.button.inmissionload,PauseButton2,inmissionload,"888,170,128,22",legacy.mc2res.43002,QUICK LOAD,43002,IDS_INMISSIONLOAD,center,center,false,Agency Regular,Regular,14,false
data/defs/ui/packages/legacy_imgui/game/buttonlayout1024.fit,game.buttonlayout1024.button.options,PauseButton3,options,"888,197,128,22",legacy.mc2res.43003,OPTIONS,43003,IDS_OPTIONS,center,center,false,Agency Regular,Regular,14,false
data/defs/ui/packages/legacy_imgui/game/buttonlayout1024.fit,game.buttonlayout1024.button.restart_mission,PauseButton4,restart mission,"888,224,128,22",legacy.mc2res.43004,ABORT MISSION,43004,IDS_RESTART,center,center,false,Agency Regular,Regular,14,false
data/defs/ui/packages/legacy_imgui/game/buttonlayout1024.fit,game.buttonlayout1024.button.exit,PauseButton5,exit,"888,251,128,22",legacy.mc2res.43005,EXIT GAME,43005,IDS_EXIT,center,center,false,Agency Regular,Regular,14,false
data/defs/ui/packages/legacy_imgui/game/buttonlayout1024.fit,game.buttonlayout1024.button.return_to_game,PauseButton6,return to game,"888,278,128,22",legacy.mc2res.43006,RETURN TO GAME,43006,IDS_RETURN_TOGAME,center,center,false,Agency Regular,Regular,14,false
data/defs/ui/packages/legacy_imgui/game/buttonlayout1280.fit,game.buttonlayout1280.button.default_attack_defunct,Button0,default attack- DEFUNCT,"1012,851,64,40",,,,,center,center,false,Agency Regular,Regular,14,false
data/defs/ui/packages/legacy_imgui/game/buttonlayout1280.fit,game.buttonlayout1280.button.short_range_attack_defunct,Button1,short range attack DEFUNCT,"1080,851,64,40",,,,,center,center,false,Agency Regular,Regular,14,false
data/defs/ui/packages/legacy_imgui/game/buttonlayout1280.fit,game.buttonlayout1280.button.medium_attack_defunct,Button2,medium attack  DEFUNCT,"1012,895,64,40",,,,,center,center,false,Agency Regular,Regular,14,false
data/defs/ui/packages/legacy_imgui/game/buttonlayout1280.fit,game.buttonlayout1280.button.l_attack_defunct,Button3,l attack DEFUNCT,"1080,895,64,40",,,,,center,center,false,Agency Regular,Regular,14,false
data/defs/ui/packages/legacy_imgui/game/buttonlayout1280.fit,game.buttonlayout1280.button.jump,Button4,jump,"1079,859,64,59",,,,,center,center,false,Agency Regular,Regular,14,false
data/defs/ui/packages/legacy_imgui/game/buttonlayout1280.fit,game.buttonlayout1280.button.run,Button5,run,"1013,859,64,59",,,,,center,center,false,Agency Regular,Regular,14,false
data/defs/ui/packages/legacy_imgui/game/buttonlayout1280.fit,game.buttonlayout1280.button.guard,Button6,guard,"1013,920,64,59",,,,,center,center,false,Agency Regular,Regular,14,false
data/defs/ui/packages/legacy_imgui/game/buttonlayout1280.fit,game.buttonlayout1280.button.fire_from_current_pos,Button7,fire from current pos,"1013,982,42,36",,,,,center,center,false,Agency Regular,Regular,14,false
data/defs/ui/packages/legacy_imgui/game/buttonlayout1280.fit,game.buttonlayout1280.button.stop,Button8,stop,"1079,920,64,59",,,,,center,center,false,Agency Regular,Regular,14,false
data/defs/ui/packages/legacy_imgui/game/buttonlayout1280.fit,game.buttonlayout1280.button.info,Button9,info,"1057,820,42,36",,,,,center,center,false,Agency Regular,Regular,14,false
data/defs/ui/packages/legacy_imgui/game/buttonlayout1280.fit,game.buttonlayout1280.button.objectives,Button10,objectives,"1013,820,42,36",,,,,center,center,false,Agency Regular,Regular,14,false
data/defs/ui/packages/legacy_imgui/game/buttonlayout1280.fit,game.buttonlayout1280.button.pause_button_com_palette,Button11,PAUSE BUTTON - COM PALETTE,"1101,820,42,36",,,,,center,center,false,Agency Regular,Regular,14,false
data/defs/ui/packages/legacy_imgui/game/buttonlayout1280.fit,game.buttonlayout1280.button.tac_map_tab,Button12,tac map tab,"128,757,72,47",,,,,center,center,false,Agency Regular,Regular,14,false
data/defs/ui/packages/legacy_imgui/game/buttonlayout1280.fit,game.buttonlayout1280.button.info_tab,Button13,info tab,"278,757,72,47",,,,,center,center,false,Agency Regular,Regular,14,false
data/defs/ui/packages/legacy_imgui/game/buttonlayout1280.fit,game.buttonlayout1280.button.support_tab,Button14,support tab,"203,757,72,47",,,,,center,center,false,Agency Regular,Regular,14,false
data/defs/ui/packages/legacy_imgui/game/buttonlayout1280.fit,game.buttonlayout1280.button.minelayer,Button15,minelayer,"1101,982,42,36",,,,,center,center,false,Agency Regular,Regular,14,false
data/defs/ui/packages/legacy_imgui/game/buttonlayout1280.fit,game.buttonlayout1280.button.repair,Button16,repair,"1101,982,42,36",,,,,center,center,false,Agency Regular,Regular,14,false
data/defs/ui/packages/legacy_imgui/game/buttonlayout1280.fit,game.buttonlayout1280.button.salvage,Button17,salvage,"1101,982,42,36",,,,,center,center,false,Agency Regular,Regular,14,false
data/defs/ui/packages/legacy_imgui/game/buttonlayout1280.fit,game.buttonlayout1280.button.artillery_piece_supression_fire,Button18,artillery piece supression fire,"1101,982,42,36",,,,,center,center,false,Agency Regular,Regular,14,false
data/defs/ui/packages/legacy_imgui/game/buttonlayout1280.fit,game.buttonlayout1280.button.hold_position,Button19,hold position,"1057,982,42,36",,,,,center,center,false,Agency Regular,Regular,14,false
data/defs/ui/packages/legacy_imgui/game/buttonlayout1280.fit,game.buttonlayout1280.button.filler_button,Button20,filler button,"1101,982,42,36",,,,,center,center,false,Agency Regular,Regular,14,false
data/defs/ui/packages/legacy_imgui/game/buttonlayout1280.fit,game.buttonlayout1280.button.button,ScrollButton,,"315,876,16,14",,,,,center,center,false,Agency Regular,Regular,14,false
data/defs/ui/packages/legacy_imgui/game/buttonlayout1280.fit,game.buttonlayout1280.button.scroll_up,InfoButton0,scroll up,"315,867,16,8",,,,,center,center,false,Agency Regular,Regular,14,false
data/defs/ui/packages/legacy_imgui/game/buttonlayout1280.fit,game.buttonlayout1280.button.scroll_down,InfoButton1,scroll down,"315,1004,16,8",,,,,center,center,false,Agency Regular,Regular,14,false
data/defs/ui/packages/legacy_imgui/game/buttonlayout1280.fit,game.buttonlayout1280.button.obj,PauseButton0,obj,"1016,372,128,22",legacy.mc2res.43000,OBJECTIVES,43000,IDS_OBJECTIVES,center,center,false,Agency Regular,Regular,14,false
data/defs/ui/packages/legacy_imgui/game/buttonlayout1280.fit,game.buttonlayout1280.button.inmissionsave,PauseButton1,inmissionsave,"1016,399,128,22",legacy.mc2res.43001,QUICK SAVE,43001,IDS_INMISSION,center,center,false,Agency Regular,Regular,14,false
data/defs/ui/packages/legacy_imgui/game/buttonlayout1280.fit,game.buttonlayout1280.button.inmissionload,PauseButton2,inmissionload,"1016,426,128,22",legacy.mc2res.43002,QUICK LOAD,43002,IDS_INMISSIONLOAD,center,center,false,Agency Regular,Regular,14,false
data/defs/ui/packages/legacy_imgui/game/buttonlayout1280.fit,game.buttonlayout1280.button.options,PauseButton3,options,"1016,453,128,22",legacy.mc2res.43003,OPTIONS,43003,IDS_OPTIONS,center,center,false,Agency Regular,Regular,14,false
data/defs/ui/packages/legacy_imgui/game/buttonlayout1280.fit,game.buttonlayout1280.button.restart_mission,PauseButton4,restart mission,"1016,480,128,22",legacy.mc2res.43004,ABORT MISSION,43004,IDS_RESTART,center,center,false,Agency Regular,Regular,14,false
data/defs/ui/packages/legacy_imgui/game/buttonlayout1280.fit,game.buttonlayout1280.button.exit,PauseButton5,exit,"1016,507,128,22",legacy.mc2res.43005,EXIT GAME,43005,IDS_EXIT,center,center,false,Agency Regular,Regular,14,false
data/defs/ui/packages/legacy_imgui/game/buttonlayout1280.fit,game.buttonlayout1280.button.return_to_game,PauseButton6,return to game,"1016,534,128,22",legacy.mc2res.43006,RETURN TO GAME,43006,IDS_RETURN_TOGAME,center,center,false,Agency Regular,Regular,14,false
data/defs/ui/packages/legacy_imgui/game/buttonlayout1600.fit,game.buttonlayout1600.button.default_attack_defunct,Button0,default attack- DEFUNCT,"1172,1027,64,40",,,,,center,center,false,Agency Regular,Regular,14,false
data/defs/ui/packages/legacy_imgui/game/buttonlayout1600.fit,game.buttonlayout1600.button.short_range_attack_defunct,Button1,short range attack DEFUNCT,"1240,1027,64,40",,,,,center,center,false,Agency Regular,Regular,14,false
data/defs/ui/packages/legacy_imgui/game/buttonlayout1600.fit,game.buttonlayout1600.button.medium_attack_defunct,Button2,medium attack  DEFUNCT,"1172,1071,64,40",,,,,center,center,false,Agency Regular,Regular,14,false
data/defs/ui/packages/legacy_imgui/game/buttonlayout1600.fit,game.buttonlayout1600.button.l_attack_defunct,Button3,l attack DEFUNCT,"1240,1071,64,40",,,,,center,center,false,Agency Regular,Regular,14,false
data/defs/ui/packages/legacy_imgui/game/buttonlayout1600.fit,game.buttonlayout1600.button.jump,Button4,jump,"1239,1035,64,59",,,,,center,center,false,Agency Regular,Regular,14,false
data/defs/ui/packages/legacy_imgui/game/buttonlayout1600.fit,game.buttonlayout1600.button.run,Button5,run,"1173,1035,64,59",,,,,center,center,false,Agency Regular,Regular,14,false
data/defs/ui/packages/legacy_imgui/game/buttonlayout1600.fit,game.buttonlayout1600.button.guard,Button6,guard,"1173,1096,64,59",,,,,center,center,false,Agency Regular,Regular,14,false
data/defs/ui/packages/legacy_imgui/game/buttonlayout1600.fit,game.buttonlayout1600.button.fire_from_current_pos,Button7,fire from current pos,"1173,1158,42,36",,,,,center,center,false,Agency Regular,Regular,14,false
data/defs/ui/packages/legacy_imgui/game/buttonlayout1600.fit,game.buttonlayout1600.button.stop,Button8,stop,"1239,1096,64,59",,,,,center,center,false,Agency Regular,Regular,14,false
data/defs/ui/packages/legacy_imgui/game/buttonlayout1600.fit,game.buttonlayout1600.button.info,Button9,info,"1217,996,42,36",,,,,center,center,false,Agency Regular,Regular,14,false
data/defs/ui/packages/legacy_imgui/game/buttonlayout1600.fit,game.buttonlayout1600.button.objectives,Button10,objectives,"1173,996,42,36",,,,,center,center,false,Agency Regular,Regular,14,false
data/defs/ui/packages/legacy_imgui/game/buttonlayout1600.fit,game.buttonlayout1600.button.pause_button_com_palette,Button11,PAUSE BUTTON - COM PALETTE,"1261,996,42,36",,,,,center,center,false,Agency Regular,Regular,14,false
data/defs/ui/packages/legacy_imgui/game/buttonlayout1600.fit,game.buttonlayout1600.button.tac_map_tab,Button12,tac map tab,"288,933,72,47",,,,,center,center,false,Agency Regular,Regular,14,false
data/defs/ui/packages/legacy_imgui/game/buttonlayout1600.fit,game.buttonlayout1600.button.info_tab,Button13,info tab,"438,933,72,47",,,,,center,center,false,Agency Regular,Regular,14,false
data/defs/ui/packages/legacy_imgui/game/buttonlayout1600.fit,game.buttonlayout1600.button.support_tab,Button14,support tab,"363,933,72,47",,,,,center,center,false,Agency Regular,Regular,14,false
data/defs/ui/packages/legacy_imgui/game/buttonlayout1600.fit,game.buttonlayout1600.button.minelayer,Button15,minelayer,"1261,1158,42,36",,,,,center,center,false,Agency Regular,Regular,14,false
data/defs/ui/packages/legacy_imgui/game/buttonlayout1600.fit,game.buttonlayout1600.button.repair,Button16,repair,"1261,1158,42,36",,,,,center,center,false,Agency Regular,Regular,14,false
data/defs/ui/packages/legacy_imgui/game/buttonlayout1600.fit,game.buttonlayout1600.button.salvage,Button17,salvage,"1261,1158,42,36",,,,,center,center,false,Agency Regular,Regular,14,false
data/defs/ui/packages/legacy_imgui/game/buttonlayout1600.fit,game.buttonlayout1600.button.artillery_piece_supression_fire,Button18,artillery piece supression fire,"1261,1158,42,36",,,,,center,center,false,Agency Regular,Regular,14,false
data/defs/ui/packages/legacy_imgui/game/buttonlayout1600.fit,game.buttonlayout1600.button.hold_position,Button19,hold position,"1217,1158,42,36",,,,,center,center,false,Agency Regular,Regular,14,false
data/defs/ui/packages/legacy_imgui/game/buttonlayout1600.fit,game.buttonlayout1600.button.button,ScrollButton,,"475,1052,16,14",,,,,center,center,false,Agency Regular,Regular,14,false
data/defs/ui/packages/legacy_imgui/game/buttonlayout1600.fit,game.buttonlayout1600.button.scroll_up,InfoButton0,scroll up,"475,1043,16,8",,,,,center,center,false,Agency Regular,Regular,14,false
data/defs/ui/packages/legacy_imgui/game/buttonlayout1600.fit,game.buttonlayout1600.button.scroll_down,InfoButton1,scroll down,"475,1180,16,8",,,,,center,center,false,Agency Regular,Regular,14,false
data/defs/ui/packages/legacy_imgui/game/buttonlayout1600.fit,game.buttonlayout1600.button.obj,PauseButton0,obj,"1176,548,128,22",legacy.mc2res.43000,OBJECTIVES,43000,IDS_OBJECTIVES,center,center,false,Agency Regular,Regular,14,false
data/defs/ui/packages/legacy_imgui/game/buttonlayout1600.fit,game.buttonlayout1600.button.inmissionsave,PauseButton1,inmissionsave,"1176,575,128,22",legacy.mc2res.43001,QUICK SAVE,43001,IDS_INMISSION,center,center,false,Agency Regular,Regular,14,false
data/defs/ui/packages/legacy_imgui/game/buttonlayout1600.fit,game.buttonlayout1600.button.inmissionload,PauseButton2,inmissionload,"1176,602,128,22",legacy.mc2res.43002,QUICK LOAD,43002,IDS_INMISSIONLOAD,center,center,false,Agency Regular,Regular,14,false
data/defs/ui/packages/legacy_imgui/game/buttonlayout1600.fit,game.buttonlayout1600.button.options,PauseButton3,options,"1176,629,128,22",legacy.mc2res.43003,OPTIONS,43003,IDS_OPTIONS,center,center,false,Agency Regular,Regular,14,false
data/defs/ui/packages/legacy_imgui/game/buttonlayout1600.fit,game.buttonlayout1600.button.restart_mission,PauseButton4,restart mission,"1176,656,128,22",legacy.mc2res.43004,ABORT MISSION,43004,IDS_RESTART,center,center,false,Agency Regular,Regular,14,false
data/defs/ui/packages/legacy_imgui/game/buttonlayout1600.fit,game.buttonlayout1600.button.exit,PauseButton5,exit,"1176,683,128,22",legacy.mc2res.43005,EXIT GAME,43005,IDS_EXIT,center,center,false,Agency Regular,Regular,14,false
data/defs/ui/packages/legacy_imgui/game/buttonlayout1600.fit,game.buttonlayout1600.button.return_to_game,PauseButton6,return to game,"1176,710,128,22",legacy.mc2res.43006,RETURN TO GAME,43006,IDS_RETURN_TOGAME,center,center,false,Agency Regular,Regular,14,false
data/defs/ui/packages/legacy_imgui/game/buttonlayout640.fit,game.buttonlayout640.button.default_attack_defunct,Button0,default attack DEFUNCT,"554,373,39,25",,,,,center,center,false,Agency Regular,Regular,14,false
data/defs/ui/packages/legacy_imgui/game/buttonlayout640.fit,game.buttonlayout640.button.short_range_attack_defunct,Button1,short range attack DEFUNCT,"595,373,39,25",,,,,center,center,false,Agency Regular,Regular,14,false
data/defs/ui/packages/legacy_imgui/game/buttonlayout640.fit,game.buttonlayout640.button.medium_attack_defunct,Button2,medium attack DEFUNCT,"554,400,39,25",,,,,center,center,false,Agency Regular,Regular,14,false
data/defs/ui/packages/legacy_imgui/game/buttonlayout640.fit,game.buttonlayout640.button.l_attack_defunct,Button3,l attack DEFUNCT,"595,400,39,25",,,,,center,center,false,Agency Regular,Regular,14,false
data/defs/ui/packages/legacy_imgui/game/buttonlayout640.fit,game.buttonlayout640.button.jump,Button4,jump,"595,377,39,37",,,,,center,center,false,Agency Regular,Regular,14,false
data/defs/ui/packages/legacy_imgui/game/buttonlayout640.fit,game.buttonlayout640.button.run,Button5,run,"554,377,39,37",,,,,center,center,false,Agency Regular,Regular,14,false
data/defs/ui/packages/legacy_imgui/game/buttonlayout640.fit,game.buttonlayout640.button.guard,Button6,guard,"554,415,39,37",,,,,center,center,false,Agency Regular,Regular,14,false
data/defs/ui/packages/legacy_imgui/game/buttonlayout640.fit,game.buttonlayout640.button.fire_from_current_pos,Button7,fire from current pos,"554,454,26,22",,,,,center,center,false,Agency Regular,Regular,14,false
data/defs/ui/packages/legacy_imgui/game/buttonlayout640.fit,game.buttonlayout640.button.stop,Button8,stop,"595,415,39,37",,,,,center,center,false,Agency Regular,Regular,14,false
data/defs/ui/packages/legacy_imgui/game/buttonlayout640.fit,game.buttonlayout640.button.info,Button9,info,"581,353,26,22",,,,,center,center,false,Agency Regular,Regular,14,false
data/defs/ui/packages/legacy_imgui/game/buttonlayout640.fit,game.buttonlayout640.button.objectives,Button10,objectives,"554,353,26,22",,,,,center,center,false,Agency Regular,Regular,14,false
data/defs/ui/packages/legacy_imgui/game/buttonlayout640.fit,game.buttonlayout640.button.pause_menu,Button11,PAUSE MENU,"608,353,26,22",,,,,center,center,false,Agency Regular,Regular,14,false
data/defs/ui/packages/legacy_imgui/game/buttonlayout640.fit,game.buttonlayout640.button.tac_map,Button12,tac map,"0,314,45,30",,,,,center,center,false,Agency Regular,Regular,14,false
data/defs/ui/packages/legacy_imgui/game/buttonlayout640.fit,game.buttonlayout640.button.info_tab,Button13,info tab,"94,314,45,30",,,,,center,center,false,Agency Regular,Regular,14,false
data/defs/ui/packages/legacy_imgui/game/buttonlayout640.fit,game.buttonlayout640.button.vehicle_tab,Button14,vehicle tab,"47,314,45,30",,,,,center,center,false,Agency Regular,Regular,14,false
data/defs/ui/packages/legacy_imgui/game/buttonlayout640.fit,game.buttonlayout640.button.minelayer,Button15,minelayer,"608,454,26,22",,,,,center,center,false,Agency Regular,Regular,14,false
data/defs/ui/packages/legacy_imgui/game/buttonlayout640.fit,game.buttonlayout640.button.repair,Button16,repair,"608,454,26,22",,,,,center,center,false,Agency Regular,Regular,14,false
data/defs/ui/packages/legacy_imgui/game/buttonlayout640.fit,game.buttonlayout640.button.salvage,Button17,salvage,"608,454,26,22",,,,,center,center,false,Agency Regular,Regular,14,false
data/defs/ui/packages/legacy_imgui/game/buttonlayout640.fit,game.buttonlayout640.button.artillery_piece_suppression_fire,Button18,artillery piece suppression fire,"608,454,26,22",,,,,center,center,false,Agency Regular,Regular,14,false
data/defs/ui/packages/legacy_imgui/game/buttonlayout640.fit,game.buttonlayout640.button.hold_position,Button19,hold position,"581,454,26,22",,,,,center,center,false,Agency Regular,Regular,14,false
data/defs/ui/packages/legacy_imgui/game/buttonlayout640.fit,game.buttonlayout640.button.button,ScrollButton,,"116,395,9,9",,,,,center,center,false,Agency Regular,Regular,14,false
data/defs/ui/packages/legacy_imgui/game/buttonlayout640.fit,game.buttonlayout640.button.scroll_up,InfoButton0,scroll up,"116,389,9,5",,,,,center,center,false,Agency Regular,Regular,14,false
data/defs/ui/packages/legacy_imgui/game/buttonlayout640.fit,game.buttonlayout640.button.scroll_down,InfoButton1,scroll down,"116,466,9,5",,,,,center,center,false,Agency Regular,Regular,14,false
data/defs/ui/packages/legacy_imgui/game/buttonlayout640.fit,game.buttonlayout640.button.obj,PauseButton0,obj,"504,116,128,22",legacy.mc2res.43000,OBJECTIVES,43000,IDS_OBJECTIVES,center,center,false,Agency Regular,Regular,14,false
data/defs/ui/packages/legacy_imgui/game/buttonlayout640.fit,game.buttonlayout640.button.inmissionsave,PauseButton1,inmissionsave,"504,143,128,22",legacy.mc2res.43001,QUICK SAVE,43001,IDS_INMISSION,center,center,false,Agency Regular,Regular,14,false
data/defs/ui/packages/legacy_imgui/game/buttonlayout640.fit,game.buttonlayout640.button.inmissionload,PauseButton2,inmissionload,"504,170,128,22",legacy.mc2res.43002,QUICK LOAD,43002,IDS_INMISSIONLOAD,center,center,false,Agency Regular,Regular,14,false
data/defs/ui/packages/legacy_imgui/game/buttonlayout640.fit,game.buttonlayout640.button.options,PauseButton3,options,"504,197,128,22",legacy.mc2res.43003,OPTIONS,43003,IDS_OPTIONS,center,center,false,Agency Regular,Regular,14,false
data/defs/ui/packages/legacy_imgui/game/buttonlayout640.fit,game.buttonlayout640.button.restart_mission,PauseButton4,restart mission,"504,224,128,22",legacy.mc2res.43004,ABORT MISSION,43004,IDS_RESTART,center,center,false,Agency Regular,Regular,14,false
data/defs/ui/packages/legacy_imgui/game/buttonlayout640.fit,game.buttonlayout640.button.exit,PauseButton5,exit,"504,251,128,22",legacy.mc2res.43005,EXIT GAME,43005,IDS_EXIT,center,center,false,Agency Regular,Regular,14,false
data/defs/ui/packages/legacy_imgui/game/buttonlayout640.fit,game.buttonlayout640.button.return_to_game,PauseButton6,return to game,"504,278,128,22",legacy.mc2res.43006,RETURN TO GAME,43006,IDS_RETURN_TOGAME,center,center,false,Agency Regular,Regular,14,false
data/defs/ui/packages/legacy_imgui/game/buttonlayout800.fit,game.buttonlayout800.button.default_attack,Button0,default attack,"691,465,50,31",,,,,center,center,false,Agency Regular,Regular,14,false
data/defs/ui/packages/legacy_imgui/game/buttonlayout800.fit,game.buttonlayout800.button.short_range_attack,Button1,short range attack,"743,465,50,31",,,,,center,center,false,Agency Regular,Regular,14,false
data/defs/ui/packages/legacy_imgui/game/buttonlayout800.fit,game.buttonlayout800.button.medium_attack,Button2,medium attack,"691,498,50,31",,,,,center,center,false,Agency Regular,Regular,14,false
data/defs/ui/packages/legacy_imgui/game/buttonlayout800.fit,game.buttonlayout800.button.l_attack,Button3,l attack,"743,498,50,31",,,,,center,center,false,Agency Regular,Regular,14,false
data/defs/ui/packages/legacy_imgui/game/buttonlayout800.fit,game.buttonlayout800.button.jump,Button4,jump,"743,471,50,45",,,,,center,center,false,Agency Regular,Regular,14,false
data/defs/ui/packages/legacy_imgui/game/buttonlayout800.fit,game.buttonlayout800.button.run,Button5,run,"691,471,50,45",,,,,center,center,false,Agency Regular,Regular,14,false
data/defs/ui/packages/legacy_imgui/game/buttonlayout800.fit,game.buttonlayout800.button.guard,Button6,guard,"691,519,50,45",,,,,center,center,false,Agency Regular,Regular,14,false
data/defs/ui/packages/legacy_imgui/game/buttonlayout800.fit,game.buttonlayout800.button.fire_from_current_pos,Button7,fire from current pos,"691,567,32,28",,,,,center,center,false,Agency Regular,Regular,14,false
data/defs/ui/packages/legacy_imgui/game/buttonlayout800.fit,game.buttonlayout800.button.stop,Button8,stop,"743,519,50,45",,,,,center,center,false,Agency Regular,Regular,14,false
data/defs/ui/packages/legacy_imgui/game/buttonlayout800.fit,game.buttonlayout800.button.info,Button9,info,"726,440,32,28",,,,,center,center,false,Agency Regular,Regular,14,false
data/defs/ui/packages/legacy_imgui/game/buttonlayout800.fit,game.buttonlayout800.button.objectives,Button10,objectives,"691,440,32,28",,,,,center,center,false,Agency Regular,Regular,14,false
data/defs/ui/packages/legacy_imgui/game/buttonlayout800.fit,game.buttonlayout800.button.pause_window,Button11,PAUSE WINDOW,"761,440,32,28",,,,,center,center,false,Agency Regular,Regular,14,false
data/defs/ui/packages/legacy_imgui/game/buttonlayout800.fit,game.buttonlayout800.button.tac_map,Button12,tac map,"0,391,56,37",,,,,center,center,false,Agency Regular,Regular,14,false
data/defs/ui/packages/legacy_imgui/game/buttonlayout800.fit,game.buttonlayout800.button.info_tab,Button13,info tab,"117,391,56,37",,,,,center,center,false,Agency Regular,Regular,14,false
data/defs/ui/packages/legacy_imgui/game/buttonlayout800.fit,game.buttonlayout800.button.vehicle_tab,Button14,vehicle tab,"59,391,56,37",,,,,center,center,false,Agency Regular,Regular,14,false
data/defs/ui/packages/legacy_imgui/game/buttonlayout800.fit,game.buttonlayout800.button.minelayer,Button15,minelayer,"761,567,32,28",,,,,center,center,false,Agency Regular,Regular,14,false
data/defs/ui/packages/legacy_imgui/game/buttonlayout800.fit,game.buttonlayout800.button.repair,Button16,repair,"761,567,32,28",,,,,center,center,false,Agency Regular,Regular,14,false
data/defs/ui/packages/legacy_imgui/game/buttonlayout800.fit,game.buttonlayout800.button.salvage,Button17,salvage,"761,567,32,28",,,,,center,center,false,Agency Regular,Regular,14,false
data/defs/ui/packages/legacy_imgui/game/buttonlayout800.fit,game.buttonlayout800.button.artillery_piece_suppression_fire,Button18,artillery piece suppression fire,"761,567,32,28",,,,,center,center,false,Agency Regular,Regular,14,false
data/defs/ui/packages/legacy_imgui/game/buttonlayout800.fit,game.buttonlayout800.button.hold_position,Button19,hold position,"726,567,32,28",,,,,center,center,false,Agency Regular,Regular,14,false
data/defs/ui/packages/legacy_imgui/game/buttonlayout800.fit,game.buttonlayout800.button.button,ScrollButton,,"144,484,12,10",,,,,center,center,false,Agency Regular,Regular,14,false
data/defs/ui/packages/legacy_imgui/game/buttonlayout800.fit,game.buttonlayout800.button.scroll_up,InfoButton0,scroll up,"144,477,12,6",,,,,center,center,false,Agency Regular,Regular,14,false
data/defs/ui/packages/legacy_imgui/game/buttonlayout800.fit,game.buttonlayout800.button.scroll_down,InfoButton1,scroll down,"144,583,12,6",,,,,center,center,false,Agency Regular,Regular,14,false
data/defs/ui/packages/legacy_imgui/game/buttonlayout800.fit,game.buttonlayout800.button.obj,PauseButton0,obj,"664,116,128,22",legacy.mc2res.43000,OBJECTIVES,43000,IDS_OBJECTIVES,center,center,false,Agency Regular,Regular,14,false
data/defs/ui/packages/legacy_imgui/game/buttonlayout800.fit,game.buttonlayout800.button.inmissionsave,PauseButton1,inmissionsave,"664,143,128,22",legacy.mc2res.43001,QUICK SAVE,43001,IDS_INMISSION,center,center,false,Agency Regular,Regular,14,false
data/defs/ui/packages/legacy_imgui/game/buttonlayout800.fit,game.buttonlayout800.button.inmissionload,PauseButton2,inmissionload,"664,170,128,22",legacy.mc2res.43002,QUICK LOAD,43002,IDS_INMISSIONLOAD,center,center,false,Agency Regular,Regular,14,false
data/defs/ui/packages/legacy_imgui/game/buttonlayout800.fit,game.buttonlayout800.button.options,PauseButton3,options,"664,197,128,22",legacy.mc2res.43003,OPTIONS,43003,IDS_OPTIONS,center,center,false,Agency Regular,Regular,14,false
data/defs/ui/packages/legacy_imgui/game/buttonlayout800.fit,game.buttonlayout800.button.restart_mission,PauseButton4,restart mission,"664,224,128,22",legacy.mc2res.43004,ABORT MISSION,43004,IDS_RESTART,center,center,false,Agency Regular,Regular,14,false
data/defs/ui/packages/legacy_imgui/game/buttonlayout800.fit,game.buttonlayout800.button.exit,PauseButton5,exit,"664,251,128,22",legacy.mc2res.43005,EXIT GAME,43005,IDS_EXIT,center,center,false,Agency Regular,Regular,14,false
data/defs/ui/packages/legacy_imgui/game/buttonlayout800.fit,game.buttonlayout800.button.return_to_game,PauseButton6,return to game,"664,278,128,22",legacy.mc2res.43006,RETURN TO GAME,43006,IDS_RETURN_TOGAME,center,center,false,Agency Regular,Regular,14,false
data/defs/ui/packages/legacy_imgui/game/mcl_choosecampaign.fit,game.choose_campaign.button.cancel_button,Button0,cancel button,"181,407,128,59",legacy.mc2res.27651,CANCEL,27651,IDS_DIALOG_CANCEL,center,center,true,Agency Regular,Regular,17,false
data/defs/ui/packages/legacy_imgui/game/mcl_choosecampaign.fit,game.choose_campaign.button.accept_button,Button1,accept button.,"491,407,128,59",legacy.mc2res.27659,SAVE,27659,IDS_DIALOG_SAVE,center,center,true,Agency Regular,Regular,17,false
data/defs/ui/packages/legacy_imgui/game/mcl_cm_layout.fit,game.mission_selection.button.next_button_in_lower_right_corner,CMButton0,NEXT button in lower right corner,"666,536,128,59",legacy.mc2res.27100,NEXT,27100,IDS_NEXT,center,center,true,Agency Regular,Regular,17,false
data/defs/ui/packages/legacy_imgui/game/mcl_cm_layout.fit,game.mission_selection.button.main_menubutton_in_upper_right_corner,CMButton1,main menubutton in upper right corner,"614,8,176,40",legacy.mc2res.27104,MAIN MENU,27104,IDS_MAIN_MENU_BUTTON,center,center,true,Agency Regular,Regular,14,false
data/defs/ui/packages/legacy_imgui/game/mcl_cm_layout.fit,game.mission_selection.button.play_button_for_video_window,CMButton2,Play button for video window,"381,232,32,32",,,,,center,center,false,Agency Regular,Regular,14,false
data/defs/ui/packages/legacy_imgui/game/mcl_cm_layout.fit,game.mission_selection.button.pause_button_for_video_window,CMButton3,Pause button for video window,"381,274,32,32",,,,,center,center,false,Agency Regular,Regular,14,false
data/defs/ui/packages/legacy_imgui/game/mcl_cm_layout.fit,game.mission_selection.button.stop_button_for_video_window,CMButton4,Stop button for video window,"381,316,32,32",,,,,center,center,false,Agency Regular,Regular,14,false
data/defs/ui/packages/legacy_imgui/game/mcl_cm_op1_1.fit,game.mcl_cm_op1_1.button.mission_1,Button0,mission 1,"186,90,51,59",,,,,center,center,false,Agency Regular,Regular,14,false
data/defs/ui/packages/legacy_imgui/game/mcl_cm_op1_2.fit,game.mcl_cm_op1_2.button.mission_2,Button0,mission 2,"79,54,51,59",,,,,center,center,false,Agency Regular,Regular,14,false
data/defs/ui/packages/legacy_imgui/game/mcl_cm_op1_3.fit,game.mcl_cm_op1_3.button.mission_3,Button0,mission 3,"129,98,51,59",,,,,center,center,false,Agency Regular,Regular,14,false
data/defs/ui/packages/legacy_imgui/game/mcl_cm_op1_4.fit,game.mcl_cm_op1_4.button.mission_4,Button0,mission 4,"70,93,51,59",,,,,center,center,false,Agency Regular,Regular,14,false
data/defs/ui/packages/legacy_imgui/game/mcl_cm_op1_5.fit,game.mcl_cm_op1_5.button.mission_5,Button0,mission 5,"166,57,51,59",,,,,center,center,false,Agency Regular,Regular,14,false
data/defs/ui/packages/legacy_imgui/game/mcl_cm_op1_6.fit,game.mcl_cm_op1_6.button.mission_6,Button0,mission 6,"78,52,51,59",,,,,center,center,false,Agency Regular,Regular,14,false
data/defs/ui/packages/legacy_imgui/game/mcl_cm_op1_6.fit,game.mcl_cm_op1_6.button.mission_7,Button1,mission 7,"195,44,51,59",,,,,center,center,false,Agency Regular,Regular,14,false
data/defs/ui/packages/legacy_imgui/game/mcl_cm_op1_6.fit,game.mcl_cm_op1_6.button.mission_8,Button2,mission 8,"112,161,51,59",,,,,center,center,false,Agency Regular,Regular,14,false
data/defs/ui/packages/legacy_imgui/game/mcl_cm_op1_6.fit,game.mcl_cm_op1_6.button.mission_9,Button3,mission 9,"151,95,51,59",,,,,center,center,false,Agency Regular,Regular,14,false
data/defs/ui/packages/legacy_imgui/game/mcl_cm_op2_1.fit,game.mcl_cm_op2_1.button.mission_10,Button0,mission 10,"83,126,51,59",,,,,center,center,false,Agency Regular,Regular,14,false
data/defs/ui/packages/legacy_imgui/game/mcl_cm_op2_2.fit,game.mcl_cm_op2_2.button.mission_11,Button0,mission 11,"186,98,51,59",,,,,center,center,false,Agency Regular,Regular,14,false
data/defs/ui/packages/legacy_imgui/game/mcl_cm_op2_2.fit,game.mcl_cm_op2_2.button.mission_12,Button1,mission 12,"115,34,51,59",,,,,center,center,false,Agency Regular,Regular,14,false
data/defs/ui/packages/legacy_imgui/game/mcl_cm_op2_2.fit,game.mcl_cm_op2_2.button.mission_13,Button2,mission 13,"46,124,51,59",,,,,center,center,false,Agency Regular,Regular,14,false
data/defs/ui/packages/legacy_imgui/game/mcl_cm_op2_3.fit,game.mcl_cm_op2_3.button.mission_14,Button0,mission 14,"127,42,51,59",,,,,center,center,false,Agency Regular,Regular,14,false
data/defs/ui/packages/legacy_imgui/game/mcl_cm_op2_3.fit,game.mcl_cm_op2_3.button.mission_15,Button1,mission 15,"37,41,51,59",,,,,center,center,false,Agency Regular,Regular,14,false
data/defs/ui/packages/legacy_imgui/game/mcl_cm_op2_3.fit,game.mcl_cm_op2_3.button.mission_16,Button2,mission 16,"119,144,51,59",,,,,center,center,false,Agency Regular,Regular,14,false
data/defs/ui/packages/legacy_imgui/game/mcl_cm_op2_3.fit,game.mcl_cm_op2_3.button.mission_17,Button3,mission 17,"49,143,51,59",,,,,center,center,false,Agency Regular,Regular,14,false
data/defs/ui/packages/legacy_imgui/game/mcl_cm_op3_1.fit,game.mcl_cm_op3_1.button.mission_18,Button0,mission 18,"49,130,51,59",,,,,center,center,false,Agency Regular,Regular,14,false
data/defs/ui/packages/legacy_imgui/game/mcl_cm_op3_2.fit,game.mcl_cm_op3_2.button.mission_19,Button0,mission 19,"23,123,51,59",,,,,center,center,false,Agency Regular,Regular,14,false
data/defs/ui/packages/legacy_imgui/game/mcl_cm_op3_2.fit,game.mcl_cm_op3_2.button.mission_20,Button1,mission 20,"170,22,51,59",,,,,center,center,false,Agency Regular,Regular,14,false
data/defs/ui/packages/legacy_imgui/game/mcl_cm_op3_2.fit,game.mcl_cm_op3_2.button.mission_21,Button2,mission 21,"43,21,51,59",,,,,center,center,false,Agency Regular,Regular,14,false
data/defs/ui/packages/legacy_imgui/game/mcl_cm_op3_2.fit,game.mcl_cm_op3_2.button.mission_22,Button3,mission 22,"116,77,51,59",,,,,center,center,false,Agency Regular,Regular,14,false
data/defs/ui/packages/legacy_imgui/game/mcl_cm_op3_3.fit,game.mcl_cm_op3_3.button.mission_23,Button0,mission 23,"184,64,51,59",,,,,center,center,false,Agency Regular,Regular,14,false
data/defs/ui/packages/legacy_imgui/game/mcl_cm_op3_4.fit,game.mcl_cm_op3_4.button.mission_24,Button0,mission 24,"127,65,51,59",,,,,center,center,false,Agency Regular,Regular,14,false
data/defs/ui/packages/legacy_imgui/game/mcl_cm_op_sample.fit,game.mcl_cm_op_sample.button.mission1,Button0,mission1,"48,44,51,59",,,,,center,center,false,Agency Regular,Regular,14,false
data/defs/ui/packages/legacy_imgui/game/mcl_cm_op_sample.fit,game.mcl_cm_op_sample.button.mission2,Button1,mission2,"158,44,51,59",,,,,center,center,false,Agency Regular,Regular,14,false
data/defs/ui/packages/legacy_imgui/game/mcl_cm_op_sample.fit,game.mcl_cm_op_sample.button.mission3,Button2,mission3,"103,99,51,59",,,,,center,center,false,Agency Regular,Regular,14,false
data/defs/ui/packages/legacy_imgui/game/mcl_cm_op_sample.fit,game.mcl_cm_op_sample.button.mission4,Button3,mission4,"48,154,51,59",,,,,center,center,false,Agency Regular,Regular,14,false
data/defs/ui/packages/legacy_imgui/game/mcl_cm_op_sample.fit,game.mcl_cm_op_sample.button.mission5,Button4,mission5,"158,154,51,59",,,,,center,center,false,Agency Regular,Regular,14,false
data/defs/ui/packages/legacy_imgui/game/mcl_cm_op_sample_1_mission.fit,game.mcl_cm_op_sample_1_mission.button.mission_2,Button0,mission 2,"79,54,51,59",,,,,center,center,false,Agency Regular,Regular,14,false
data/defs/ui/packages/legacy_imgui/game/mcl_cm_op_sample_2_missions.fit,game.mcl_cm_op_sample_2_missions.button.button,Button0,,"32,127,51,59",,,,,center,center,false,Agency Regular,Regular,14,false
data/defs/ui/packages/legacy_imgui/game/mcl_cm_op_sample_2_missions.fit,game.mcl_cm_op_sample_2_missions.button.button_01,Button1,,"99,145,51,59",,,,,center,center,false,Agency Regular,Regular,14,false
data/defs/ui/packages/legacy_imgui/game/mcl_cm_op_sample_3_missions.fit,game.mcl_cm_op_sample_3_missions.button.mission_19,Button0,mission 19,"93,38,51,59",,,,,center,center,false,Agency Regular,Regular,14,false
data/defs/ui/packages/legacy_imgui/game/mcl_cm_op_sample_3_missions.fit,game.mcl_cm_op_sample_3_missions.button.mission_20,Button1,mission 20,"168,46,51,59",,,,,center,center,false,Agency Regular,Regular,14,false
data/defs/ui/packages/legacy_imgui/game/mcl_cm_op_sample_3_missions.fit,game.mcl_cm_op_sample_3_missions.button.mission_21,Button2,mission 21,"130,138,51,59",,,,,center,center,false,Agency Regular,Regular,14,false
data/defs/ui/packages/legacy_imgui/game/mcl_cm_op_sample_4_missions.fit,game.mcl_cm_op_sample_4_missions.button.mission_14,Button0,mission 14,"32,127,51,59",,,,,center,center,false,Agency Regular,Regular,14,false
data/defs/ui/packages/legacy_imgui/game/mcl_cm_op_sample_4_missions.fit,game.mcl_cm_op_sample_4_missions.button.mission_15,Button1,mission 15,"99,145,51,59",,,,,center,center,false,Agency Regular,Regular,14,false
data/defs/ui/packages/legacy_imgui/game/mcl_cm_op_sample_4_missions.fit,game.mcl_cm_op_sample_4_missions.button.mission_16,Button2,mission 16,"27,30,51,59",,,,,center,center,false,Agency Regular,Regular,14,false
data/defs/ui/packages/legacy_imgui/game/mcl_cm_op_sample_4_missions.fit,game.mcl_cm_op_sample_4_missions.button.mission_17,Button3,mission 17,"94,43,51,59",,,,,center,center,false,Agency Regular,Regular,14,false
data/defs/ui/packages/legacy_imgui/game/mcl_cm_opgeneric_1.fit,game.mcl_cm_opgeneric_1.button.mission_2,Button0,mission 2,"79,54,51,59",,,,,center,center,false,Agency Regular,Regular,14,false
data/defs/ui/packages/legacy_imgui/game/mcl_cm_opgeneric_2.fit,game.mcl_cm_opgeneric_2.button.button,Button0,,"32,127,51,59",,,,,center,center,false,Agency Regular,Regular,14,false
data/defs/ui/packages/legacy_imgui/game/mcl_cm_opgeneric_2.fit,game.mcl_cm_opgeneric_2.button.button_01,Button1,,"99,145,51,59",,,,,center,center,false,Agency Regular,Regular,14,false
data/defs/ui/packages/legacy_imgui/game/mcl_cm_opgeneric_3.fit,game.mcl_cm_opgeneric_3.button.mission_19,Button0,mission 19,"93,38,51,59",,,,,center,center,false,Agency Regular,Regular,14,false
data/defs/ui/packages/legacy_imgui/game/mcl_cm_opgeneric_3.fit,game.mcl_cm_opgeneric_3.button.mission_20,Button1,mission 20,"168,46,51,59",,,,,center,center,false,Agency Regular,Regular,14,false
data/defs/ui/packages/legacy_imgui/game/mcl_cm_opgeneric_3.fit,game.mcl_cm_opgeneric_3.button.mission_21,Button2,mission 21,"130,138,51,59",,,,,center,center,false,Agency Regular,Regular,14,false
data/defs/ui/packages/legacy_imgui/game/mcl_cm_opgeneric_4.fit,game.mcl_cm_opgeneric_4.button.mission_14,Button0,mission 14,"32,127,51,59",,,,,center,center,false,Agency Regular,Regular,14,false
data/defs/ui/packages/legacy_imgui/game/mcl_cm_opgeneric_4.fit,game.mcl_cm_opgeneric_4.button.mission_15,Button1,mission 15,"99,145,51,59",,,,,center,center,false,Agency Regular,Regular,14,false
data/defs/ui/packages/legacy_imgui/game/mcl_cm_opgeneric_4.fit,game.mcl_cm_opgeneric_4.button.mission_16,Button2,mission 16,"27,30,51,59",,,,,center,center,false,Agency Regular,Regular,14,false
data/defs/ui/packages/legacy_imgui/game/mcl_cm_opgeneric_4.fit,game.mcl_cm_opgeneric_4.button.mission_17,Button3,mission 17,"94,43,51,59",,,,,center,center,false,Agency Regular,Regular,14,false
data/defs/ui/packages/legacy_imgui/game/mcl_cm_opplayer.fit,game.mcl_cm_opplayer.button.mission1,Button0,mission1,"48,44,51,59",,,,,center,center,false,Agency Regular,Regular,14,false
data/defs/ui/packages/legacy_imgui/game/mcl_cm_opplayer.fit,game.mcl_cm_opplayer.button.mission2,Button1,mission2,"158,44,51,59",,,,,center,center,false,Agency Regular,Regular,14,false
data/defs/ui/packages/legacy_imgui/game/mcl_cm_opplayer.fit,game.mcl_cm_opplayer.button.mission3,Button2,mission3,"103,99,51,59",,,,,center,center,false,Agency Regular,Regular,14,false
data/defs/ui/packages/legacy_imgui/game/mcl_cm_opplayer.fit,game.mcl_cm_opplayer.button.mission4,Button3,mission4,"48,154,51,59",,,,,center,center,false,Agency Regular,Regular,14,false
data/defs/ui/packages/legacy_imgui/game/mcl_cm_opplayer.fit,game.mcl_cm_opplayer.button.mission5,Button4,mission5,"158,154,51,59",,,,,center,center,false,Agency Regular,Regular,14,false
data/defs/ui/packages/legacy_imgui/game/mcl_cm_optutorials.fit,game.mcl_cm_optutorials.button.tutorial_1,Button0,tutorial 1,"48,44,51,59",,,,,center,center,false,Agency Regular,Regular,14,false
data/defs/ui/packages/legacy_imgui/game/mcl_cm_optutorials.fit,game.mcl_cm_optutorials.button.tutorial_2,Button1,tutorial 2,"158,44,51,59",,,,,center,center,false,Agency Regular,Regular,14,false
data/defs/ui/packages/legacy_imgui/game/mcl_cm_optutorials.fit,game.mcl_cm_optutorials.button.tutorial_3,Button2,tutorial 3,"48,154,51,59",,,,,center,center,false,Agency Regular,Regular,14,false
data/defs/ui/packages/legacy_imgui/game/mcl_cm_optutorials.fit,game.mcl_cm_optutorials.button.tutorial_4,Button3,tutorial 4,"158,154,51,59",,,,,center,center,false,Agency Regular,Regular,14,false
data/defs/ui/packages/legacy_imgui/game/mcl_cm_optutorials.fit,game.mcl_cm_optutorials.button.tutorial_5,Button4,tutorial 5,"103,99,51,59",,,,,center,center,false,Agency Regular,Regular,14,false
data/defs/ui/packages/legacy_imgui/game/mcl_cm_standinop.fit,game.mcl_cm_standinop.button.first_standin_button_for_mission_selection,Button0,first standin button for mission selection,"32,32,64,64",,,,,center,center,false,Agency Regular,Regular,14,false
data/defs/ui/packages/legacy_imgui/game/mcl_cm_standinop.fit,game.mcl_cm_standinop.button.second_standin_button_for_mission_selection,Button1,second standin button for mission selection,"160,32,64,64",,,,,center,center,false,Agency Regular,Regular,14,false
data/defs/ui/packages/legacy_imgui/game/mcl_cm_standinop.fit,game.mcl_cm_standinop.button.third_standin_button_for_mission_selection,Button2,third standin button for mission selection,"160,96,64,64",,,,,center,center,false,Agency Regular,Regular,14,false
data/defs/ui/packages/legacy_imgui/game/mcl_dialog.fit,game.mcl_dialog.button.cancel_button,Button0,cancel button,"237,367,128,59",legacy.mc2res.27653,NO,27653,IDS_DIALOG_NO,center,center,true,Agency Regular,Regular,17,false
data/defs/ui/packages/legacy_imgui/game/mcl_dialog.fit,game.mcl_dialog.button.okay_button,Button1,OKAY button,"435,367,128,59",legacy.mc2res.27652,YES,27652,IDS_DIALOG_YES,center,center,true,Agency Regular,Regular,17,false
data/defs/ui/packages/legacy_imgui/game/mcl_dialog_edit.fit,game.mcl_dialog_edit.button.cancel_button,Button0,cancel button,"237,367,128,59",legacy.mc2res.27653,NO,27653,IDS_DIALOG_NO,center,center,true,Agency Regular,Regular,17,false
data/defs/ui/packages/legacy_imgui/game/mcl_dialog_edit.fit,game.mcl_dialog_edit.button.okay_button,Button1,OKAY button,"435,367,128,59",legacy.mc2res.27652,YES,27652,IDS_DIALOG_YES,center,center,true,Agency Regular,Regular,17,false
data/defs/ui/packages/legacy_imgui/game/mcl_dialog_onebutton.fit,game.mcl_dialog_onebutton.button.cancel_okay_whatever_button,Button0,"cancel,okay, whatever button","336,367,128,59",legacy.mc2res.27653,NO,27653,IDS_DIALOG_NO,center,center,true,Agency Regular,Regular,17,false
data/defs/ui/packages/legacy_imgui/game/mcl_dialoglegal.fit,game.mcl_dialoglegal.button.accept_button,Button0,accept button,"666,536,128,59",legacy.mc2res.27209,ACCEPT,27209,IDS_PM_ACCEPT,center,center,true,Agency Regular,Regular,17,false
data/defs/ui/packages/legacy_imgui/game/mcl_en.fit,game.mcl_en.button.mech_category_button,Button0,mech category button,"25,68,76,81",,,,,center,center,false,Agency Regular,Regular,14,false
data/defs/ui/packages/legacy_imgui/game/mcl_en.fit,game.mcl_en.button.buildings_category_button,Button1,buildings category button,"107,68,76,81",,,,,center,center,false,Agency Regular,Regular,14,false
data/defs/ui/packages/legacy_imgui/game/mcl_en.fit,game.mcl_en.button.vehicles,Button2,vehicles,"189,68,76,81",,,,,center,center,false,Agency Regular,Regular,14,false
data/defs/ui/packages/legacy_imgui/game/mcl_en.fit,game.mcl_en.button.weapons,Button3,weapons,"25,156,76,81",,,,,center,center,false,Agency Regular,Regular,14,false
data/defs/ui/packages/legacy_imgui/game/mcl_en.fit,game.mcl_en.button.personalities,Button4,personalities,"107,156,76,81",,,,,center,center,false,Agency Regular,Regular,14,false
data/defs/ui/packages/legacy_imgui/game/mcl_en.fit,game.mcl_en.button.history,Button5,history,"189,156,76,81",,,,,center,center,false,Agency Regular,Regular,14,false
data/defs/ui/packages/legacy_imgui/game/mcl_en.fit,game.mcl_en.button.close_button,Button6,close button,"666,536,128,59",legacy.mc2res.27708,CLOSE,27708,IDS_EN_CLOSE,center,center,true,Agency Regular,Regular,17,false
data/defs/ui/packages/legacy_imgui/game/mcl_mb_layout.fit,game.mcl_mb_layout.button.back_button,MechBayButton0,back button,"5,536,128,59",legacy.mc2res.27101,BACK,27101,IDS_BACK,center,center,true,Agency Regular,Regular,17,false
data/defs/ui/packages/legacy_imgui/game/mcl_mb_layout.fit,game.mcl_mb_layout.button.next_button,MechBayButton1,next button,"666,536,128,59",legacy.mc2res.27100,NEXT,27100,IDS_NEXT,center,center,true,Agency Regular,Regular,17,false
data/defs/ui/packages/legacy_imgui/game/mcl_mb_layout.fit,game.mcl_mb_layout.button.add_mech_button,MechBayButton2,add mech button,"356,58,176,42",legacy.mc2res.27105,ADD 'MECH,27105,IDS_ADD_MECH,center,center,true,Agency Regular,Regular,14,false
data/defs/ui/packages/legacy_imgui/game/mcl_mb_layout.fit,game.mcl_mb_layout.button.remove_mech_button,MechBayButton3,remove mech button,"356,104,176,42",legacy.mc2res.27106,REMOVE 'MECH,27106,IDS_REMOVE_MECH,center,center,true,Agency Regular,Regular,14,false
data/defs/ui/packages/legacy_imgui/game/mcl_mb_layout.fit,game.mcl_mb_layout.button.main_menu_button,MechBayButton4,main menu button,"614,8,176,40",legacy.mc2res.27104,MAIN MENU,27104,IDS_MAIN_MENU_BUTTON,center,center,true,Agency Regular,Regular,14,false
data/defs/ui/packages/legacy_imgui/game/mcl_mb_layout.fit,game.mcl_mb_layout.button.change_weapons_button,MechBayButton5,change weapons button,"483,478,245,42",legacy.mc2res.27102,MODIFY 'MECH,27102,IDS_CHANGE_WEAPONS,center,center,true,Agency Regular,Regular,14,false
data/defs/ui/packages/legacy_imgui/game/mcl_mb_layout.fit,game.mcl_mb_layout.button.purchase_mechs_button,MechBayButton6,purchase mechs button,"543,256,245,42",legacy.mc2res.27103,BUY/SELL 'MECHS,27103,IDS_BUY_SELL_BUTTON,center,center,true,Agency Regular,Regular,14,false
data/defs/ui/packages/legacy_imgui/game/mcl_mc.fit,game.mcl_mc.button.cancel_button,Button0,cancel button,"5,536,128,59",legacy.mc2res.27300,CANCEL,27300,IDS_MC_CANCEL,center,center,true,Agency Regular,Regular,17,false
data/defs/ui/packages/legacy_imgui/game/mcl_mc.fit,game.mcl_mc.button.accept_button,Button1,accept button,"666,536,128,59",legacy.mc2res.27303,ACCEPT,27303,IDS_MC_ACCEPT,center,center,true,Agency Regular,Regular,17,false
data/defs/ui/packages/legacy_imgui/game/mcl_mc.fit,game.mcl_mc.button.add_component_button,Button2,add component button,"356,58,176,42",legacy.mc2res.27305,ADD,27305,IDS_MC_ADD_COMPONENT,center,center,true,Agency Regular,Regular,14,false
data/defs/ui/packages/legacy_imgui/game/mcl_mc.fit,game.mcl_mc.button.remove_component_button,Button3,remove component button,"356,104,176,42",legacy.mc2res.27308,REMOVE,27308,IDS_MC_REMOVE_COMPONENT,center,center,true,Agency Regular,Regular,14,false
data/defs/ui/packages/legacy_imgui/game/mcl_mc.fit,game.mcl_mc.button.main_menu_button,Button4,main menu button,"614,8,176,40",legacy.mc2res.27104,MAIN MENU,27104,IDS_MAIN_MENU_BUTTON,center,center,true,Agency Regular,Regular,17,false
data/defs/ui/packages/legacy_imgui/game/mcl_mc.fit,game.mcl_mc.button.ballistic_tab,Button5,ballistic tab,"548,84,50,32",,,,,center,center,false,Agency Regular,Regular,14,false
data/defs/ui/packages/legacy_imgui/game/mcl_mc.fit,game.mcl_mc.button.energy_tab,Button6,energy tab,"601,84,50,32",,,,,center,center,false,Agency Regular,Regular,14,false
data/defs/ui/packages/legacy_imgui/game/mcl_mc.fit,game.mcl_mc.button.missile_tab,Button7,missile tab,"654,84,50,32",,,,,center,center,false,Agency Regular,Regular,14,false
data/defs/ui/packages/legacy_imgui/game/mcl_mc.fit,game.mcl_mc.button.heat_and_jump_jet_tab,Button8,heat and jump jet tab,"707,84,50,32",,,,,center,center,false,Agency Regular,Regular,14,false
data/defs/ui/packages/legacy_imgui/game/mcl_mc_combobox0.fit,game.mcl_mc_combobox0.button.button,ExpandButton,,"164,97,12,6",,,,,center,center,false,Agency Regular,Regular,14,false
data/defs/ui/packages/legacy_imgui/game/mcl_mdollar.fit,game.mcl_mdollar.button.main_menu_button,Button0,main menu button,"614,8,176,40",legacy.mc2res.27104,MAIN MENU,27104,IDS_MAIN_MENU_BUTTON,center,center,true,Agency Regular,Regular,14,false
data/defs/ui/packages/legacy_imgui/game/mcl_mdollar.fit,game.mcl_mdollar.button.buy_button,Button1,buy button,"312,58,176,42",legacy.mc2res.27201,BUY 'MECH,27201,IDS_PM_BUY,center,center,true,Agency Regular,Regular,14,false
data/defs/ui/packages/legacy_imgui/game/mcl_mdollar.fit,game.mcl_mdollar.button.sell_button,Button2,sell button,"312,104,176,42",legacy.mc2res.27204,SELL 'MECH,27204,IDS_PM_SELL,center,center,true,Agency Regular,Regular,14,false
data/defs/ui/packages/legacy_imgui/game/mcl_mdollar.fit,game.mcl_mdollar.button.cancel_button,Button3,cancel button,"5,536,128,59",legacy.mc2res.27206,CANCEL,27206,IDS_PM_CANCEL,center,center,true,Agency Regular,Regular,17,false
data/defs/ui/packages/legacy_imgui/game/mcl_mdollar.fit,game.mcl_mdollar.button.accept_button,Button4,accept button,"666,536,128,59",legacy.mc2res.27209,ACCEPT,27209,IDS_PM_ACCEPT,center,center,true,Agency Regular,Regular,17,false
data/defs/ui/packages/legacy_imgui/game/mcl_mm.fit,game.mcl_mm.button.start_new_campaign,Button0,start new campaign,"274,121,256,32",legacy.mc2res.27600,NEW CAMPAIGN,27600,IDS_MM_NEWCAMPAIGN,center,center,true,Agency Regular,Regular,17,false
data/defs/ui/packages/legacy_imgui/game/mcl_mm.fit,game.mcl_mm.button.load_game,Button1,load game,"274,163,256,32",legacy.mc2res.27601,LOAD GAME,27601,IDS_MM_LOAD,center,center,true,Agency Regular,Regular,17,false
data/defs/ui/packages/legacy_imgui/game/mcl_mm.fit,game.mcl_mm.button.save_game,Button2,save game,"274,205,256,32",legacy.mc2res.27602,SAVE GAME,27602,IDS_MM_SAVE,center,center,true,Agency Regular,Regular,17,false
data/defs/ui/packages/legacy_imgui/game/mcl_mm.fit,game.mcl_mm.button.multiplayer,Button3,multiplayer,"274,247,256,32",legacy.mc2res.27603,MULTIPLAYER,27603,IDS_MM_MULTIPLAYER,center,center,true,Agency Regular,Regular,17,false
data/defs/ui/packages/legacy_imgui/game/mcl_mm.fit,game.mcl_mm.button.return_to_game,Button4,return to game,"274,416,256,32",legacy.mc2res.27604,RETURN TO GAME,27604,IDS_MM_RETURN_TO_GAME,center,center,true,Agency Regular,Regular,17,false
data/defs/ui/packages/legacy_imgui/game/mcl_mm.fit,game.mcl_mm.button.options,Button5,options,"274,331,256,32",legacy.mc2res.27605,OPTIONS,27605,IDS_MM_OPTIONS,center,center,true,Agency Regular,Regular,17,false
data/defs/ui/packages/legacy_imgui/game/mcl_mm.fit,game.mcl_mm.button.encyclopedia,Button6,encyclopedia,"274,373,256,32",legacy.mc2res.27606,ENCYCLOPEDIA,27606,IDS_MM_ENCYCLOPEDIA,center,center,true,Agency Regular,Regular,17,false
data/defs/ui/packages/legacy_imgui/game/mcl_mm.fit,game.mcl_mm.button.exit,Button7,exit,"274,458,256,32",legacy.mc2res.27607,EXIT,27607,IDS_MM_EXIT,center,center,true,Agency Regular,Regular,17,false
data/defs/ui/packages/legacy_imgui/game/mcl_mm.fit,game.mcl_mm.button.skirmish,Button8,skirmish,"274,289,256,32",legacy.mc2res.27617,SOLO MISSION,27617,IDS_MM_SKIRMISH,center,center,true,Agency Regular,Regular,17,false
data/defs/ui/packages/legacy_imgui/game/mcl_mm.fit,game.mcl_mm.button.info_legalese_button,Button9,info legalese button,"723,223,53,35",legacy.strings.ids_undefined_string_sebi,,0,IDS_undefined_string_sebi,center,center,false,Agency Regular,Regular,17,false
data/defs/ui/packages/legacy_imgui/game/mcl_mn.fit,game.mcl_mn.button.main_menu_button,Button0,main menu button,"614,8,176,40",legacy.mc2res.27104,MAIN MENU,27104,IDS_MAIN_MENU_BUTTON,center,center,true,Agency Regular,Regular,17,false
data/defs/ui/packages/legacy_imgui/game/mcl_mn.fit,game.mcl_mn.button.play_button,Button1,play button,"330,370,32,32",,,,,center,center,false,Agency Regular,Regular,14,false
data/defs/ui/packages/legacy_imgui/game/mcl_mn.fit,game.mcl_mn.button.pause_button,Button2,PAUSE BUTTON,"330,419,32,32",,,,,center,center,false,Agency Regular,Regular,14,false
data/defs/ui/packages/legacy_imgui/game/mcl_mn.fit,game.mcl_mn.button.stop_button,Button3,STOP BUTTON,"330,468,32,32",,,,,center,center,false,Agency Regular,Regular,14,false
data/defs/ui/packages/legacy_imgui/game/mcl_mn.fit,game.mcl_mn.button.back_button,Button4,back button,"5,536,128,59",legacy.mc2res.27101,BACK,27101,IDS_BACK,center,center,true,Agency Regular,Regular,17,false
data/defs/ui/packages/legacy_imgui/game/mcl_mn.fit,game.mcl_mn.button.next_button,Button5,next button,"666,536,128,59",legacy.mc2res.27100,NEXT,27100,IDS_NEXT,center,center,true,Agency Regular,Regular,17,false
data/defs/ui/packages/legacy_imgui/game/mcl_mp_addai.fit,game.mcl_mp_addai.button.cancel_button,Button0,cancel button,"5,536,128,59",legacy.mc2res.27206,CANCEL,27206,IDS_PM_CANCEL,center,center,true,Agency Regular,Regular,17,false
data/defs/ui/packages/legacy_imgui/game/mcl_mp_addai.fit,game.mcl_mp_addai.button.accept_button,Button1,accept button,"666,536,128,59",legacy.mc2res.27209,ACCEPT,27209,IDS_PM_ACCEPT,center,center,true,Agency Regular,Regular,17,false
data/defs/ui/packages/legacy_imgui/game/mcl_mp_addai_combobox0.fit,game.mcl_mp_addai_combobox0.button.button,ExpandButton,,"231,131,16,30",,,,,center,center,false,Agency Regular,Regular,14,false
data/defs/ui/packages/legacy_imgui/game/mcl_mp_addai_combobox1.fit,game.mcl_mp_addai_combobox1.button.button,ExpandButton,,"231,191,16,30",,,,,center,center,false,Agency Regular,Regular,14,false
data/defs/ui/packages/legacy_imgui/game/mcl_mp_addai_combobox2.fit,game.mcl_mp_addai_combobox2.button.button,ExpandButton,,"231,252,16,30",,,,,center,center,false,Agency Regular,Regular,14,false
data/defs/ui/packages/legacy_imgui/game/mcl_mp_addai_combobox3.fit,game.mcl_mp_addai_combobox3.button.button,ExpandButton,,"285,318,16,30",,,,,center,center,false,Agency Regular,Regular,14,false
data/defs/ui/packages/legacy_imgui/game/mcl_mp_chatwidget.fit,game.mcl_mp_chatwidget.button.help_chat_toggle,Button0,help/chat toggle,"606,543,23,23",,,,,center,center,false,Agency Regular,Regular,14,false
data/defs/ui/packages/legacy_imgui/game/mcl_mp_chatwidget.fit,game.mcl_mp_chatwidget.button.toggle_up_down_state_button,Button1,toggle up/down state button,"630,543,23,23",,,,,center,center,false,Agency Regular,Regular,14,false
data/defs/ui/packages/legacy_imgui/game/mcl_mp_chatwidget.fit,game.mcl_mp_chatwidget.button.toggle_chat_team_only_chat_all,Button2,toggle chat team only/chat all,"606,567,47,25",,,,,center,center,false,Agency Regular,Regular,14,false
data/defs/ui/packages/legacy_imgui/game/mcl_mp_connectiontype.fit,game.mcl_mp_connectiontype.button.main_menu_button,Button0,main menu button,"614,8,176,40",legacy.mc2res.27104,MAIN MENU,27104,IDS_MAIN_MENU_BUTTON,center,center,true,Agency Regular,Regular,17,false
data/defs/ui/packages/legacy_imgui/game/mcl_mp_connectiontype.fit,game.mcl_mp_connectiontype.button.internet_radio_button,Button1,internet radio button,"383,103,77,86",legacy.mc2res.26002,INTERNET (ZONE.COM),26002,IDS_STRING26002,right,upper_right,true,Agency Regular,Regular,17,true
data/defs/ui/packages/legacy_imgui/game/mcl_mp_connectiontype.fit,game.mcl_mp_connectiontype.button.lan_radio_button,Button2,lan radio button,"383,199,77,86",legacy.mc2res.26003,LOCAL NETWORK,26003,IDS_STRING26003,right,upper_right,true,Agency Regular,Regular,17,true
data/defs/ui/packages/legacy_imgui/game/mcl_mp_connectiontype.fit,game.mcl_mp_connectiontype.button.direct_tcp_ip_radio_button,Button3,direct tcp/ip radio button,"383,295,77,86",legacy.mc2res.26004,INTERNET (DIRECT TCP/IP),26004,IDS_STRING26004,right,upper_right,true,Agency Regular,Regular,17,true
data/defs/ui/packages/legacy_imgui/game/mcl_mp_contype_lan.fit,game.mcl_mp_contype_lan.button.go_to_lan_browser_button,Button0,"\""GO TO LAN BROWSER\"" button","470,379,256,37",legacy.mc2res.26012,GO TO LAN BROWSER,26012,IDS_STRING26012,center,center,true,Agency Regular,Regular,17,false
data/defs/ui/packages/legacy_imgui/game/mcl_mp_contype_lan.fit,game.mcl_mp_contype_lan.button.host_game_button,Button1,"\""HOST GAME\"" button","470,428,256,37",legacy.mc2res.26015,HOST GAME,26015,IDS_STRING26015,center,center,true,Agency Regular,Regular,17,false
data/defs/ui/packages/legacy_imgui/game/mcl_mp_contype_modem.fit,game.mcl_mp_contype_modem.button.join_game_button,Button0,"\""JOIN GAME\"" button","470,379,256,37",legacy.mc2res.27103,BUY/SELL 'MECHS,27103,IDS_BUY_SELL_BUTTON,center,center,true,Agency Regular,Regular,17,false
data/defs/ui/packages/legacy_imgui/game/mcl_mp_contype_modem.fit,game.mcl_mp_contype_modem.button.host_game_button,Button0,"\""HOST GAME\"" button","470,428,256,37",legacy.mc2res.27103,BUY/SELL 'MECHS,27103,IDS_BUY_SELL_BUTTON,center,center,true,Agency Regular,Regular,17,false
data/defs/ui/packages/legacy_imgui/game/mcl_mp_contype_tcpip.fit,game.mcl_mp_contype_tcpip.button.join_game_button,Button0,"\""JOIN GAME\"" button","470,379,256,37",legacy.mc2res.26013,JOIN GAME,26013,IDS_STRING26013,center,center,true,Agency Regular,Regular,17,false
data/defs/ui/packages/legacy_imgui/game/mcl_mp_contype_tcpip.fit,game.mcl_mp_contype_tcpip.button.host_game_button,Button1,"\""HOST GAME\"" button","470,428,256,37",legacy.mc2res.26015,HOST GAME,26015,IDS_STRING26015,center,center,true,Agency Regular,Regular,17,false
data/defs/ui/packages/legacy_imgui/game/mcl_mp_contype_zone.fit,game.mcl_mp_contype_zone.button.go_to_zone_button,Button0,"\""GO TO ZONE\"" button","470,428,256,37",legacy.mc2res.26005,GO TO THE ZONE,26005,IDS_STRING26005,center,center,true,Agency Regular,Regular,17,false
data/defs/ui/packages/legacy_imgui/game/mcl_mp_hostgame.fit,game.mcl_mp_hostgame.button.cancel_button,Button0,cancel button,"115,481,128,64",legacy.mc2res.27651,CANCEL,27651,IDS_DIALOG_CANCEL,center,center,true,Agency Regular,Regular,17,false
data/defs/ui/packages/legacy_imgui/game/mcl_mp_hostgame.fit,game.mcl_mp_hostgame.button.accept_button,Button1,accept button,"556,481,128,64",legacy.mc2res.27209,ACCEPT,27209,IDS_PM_ACCEPT,center,center,true,Agency Regular,Regular,17,false
data/defs/ui/packages/legacy_imgui/game/mcl_mp_hostgame.fit,game.mcl_mp_hostgame.button.check_box_for_allow_all_technologies,Button2,check box for allow all technologies,"126,190,24,24",,,,,center,center,false,Agency Regular,Regular,14,false
data/defs/ui/packages/legacy_imgui/game/mcl_mp_hostgamedialog.fit,game.mcl_mp_hostgamedialog.button.cancel_button,Button0,cancel button,"181,407,128,59",legacy.mc2res.27651,CANCEL,27651,IDS_DIALOG_CANCEL,center,center,true,Agency Regular,Regular,17,false
data/defs/ui/packages/legacy_imgui/game/mcl_mp_hostgamedialog.fit,game.mcl_mp_hostgamedialog.button.save_button,Button1,save button.,"491,407,128,59",legacy.mc2res.27209,ACCEPT,27209,IDS_PM_ACCEPT,center,center,true,Agency Regular,Regular,17,false
data/defs/ui/packages/legacy_imgui/game/mcl_mp_hostgamedialog_combobox0.fit,game.mcl_mp_hostgamedialog_combobox0.button.button,ExpandButton,,"224,272,16,34",,,,,center,center,false,Agency Regular,Regular,14,false
data/defs/ui/packages/legacy_imgui/game/mcl_mp_hostgami_droplist0.fit,game.mcl_mp_hostgami_droplist0.button.down_triangle,ExpandButton,down triangle,"233,264,12,6",,,,,center,center,false,Agency Regular,Regular,14,false
data/defs/ui/packages/legacy_imgui/game/mcl_mp_lanbrowser.fit,game.mcl_mp_lanbrowser.button.main_menu,Button0,main menu,"614,8,176,40",legacy.mc2res.27104,MAIN MENU,27104,IDS_MAIN_MENU_BUTTON,center,center,true,Agency Regular,Regular,17,false
data/defs/ui/packages/legacy_imgui/game/mcl_mp_lanbrowser.fit,game.mcl_mp_lanbrowser.button.join_game,Button1,join game,"666,536,128,59",legacy.mc2res.26056,JOIN,26056,IDS_STRING26056,center,center,true,Agency Regular,Regular,17,false
data/defs/ui/packages/legacy_imgui/game/mcl_mp_lanbrowser.fit,game.mcl_mp_lanbrowser.button.host_game,Button2,host game,"279,419,256,37",legacy.mc2res.26051,HOST GAME,26051,IDS_STRING26051,center,center,true,Agency Regular,Regular,17,false
data/defs/ui/packages/legacy_imgui/game/mcl_mp_lanbrowser.fit,game.mcl_mp_lanbrowser.button.back_button,Button3,back button,"5,536,128,59",legacy.mc2res.27101,BACK,27101,IDS_BACK,center,center,true,Agency Regular,Regular,17,false
data/defs/ui/packages/legacy_imgui/game/mcl_mp_lanbrowser.fit,game.mcl_mp_lanbrowser.button.sort_by_locked_game,Button4,sort by locked game,"72,84,28,20",,,,,center,center,false,Agency Regular,Regular,14,false
data/defs/ui/packages/legacy_imgui/game/mcl_mp_lanbrowser.fit,game.mcl_mp_lanbrowser.button.sort_by_game_name,Button5,sort by game name,"103,84,214,20",,,,,center,center,false,Agency Regular,Regular,14,false
data/defs/ui/packages/legacy_imgui/game/mcl_mp_lanbrowser.fit,game.mcl_mp_lanbrowser.button.sort_by_players,Button6,sort by players,"320,84,101,20",,,,,center,center,false,Agency Regular,Regular,14,false
data/defs/ui/packages/legacy_imgui/game/mcl_mp_lanbrowser.fit,game.mcl_mp_lanbrowser.button.sort_by_map_name,Button7,sort by map name,"424,84,215,20",,,,,center,center,false,Agency Regular,Regular,14,false
data/defs/ui/packages/legacy_imgui/game/mcl_mp_lanbrowser.fit,game.mcl_mp_lanbrowser.button.sort_by_ping,Button8,sort by ping,"642,84,84,20",,,,,center,center,false,Agency Regular,Regular,14,false
data/defs/ui/packages/legacy_imgui/game/mcl_mp_loadmap.fit,game.mcl_mp_loadmap.button.cancel_button,Button0,cancel button,"5,536,128,59",legacy.mc2res.27206,CANCEL,27206,IDS_PM_CANCEL,center,center,true,Agency Regular,Regular,17,false
data/defs/ui/packages/legacy_imgui/game/mcl_mp_loadmap.fit,game.mcl_mp_loadmap.button.accept_button,Button1,accept button,"666,536,128,59",legacy.mc2res.27209,ACCEPT,27209,IDS_PM_ACCEPT,center,center,true,Agency Regular,Regular,17,false
data/defs/ui/packages/legacy_imgui/game/mcl_mp_mapinfo.fit,game.mcl_mp_mapinfo.button.close_button,Button0,Close button,"491,407,128,59",legacy.mc2res.26230,CLOSE,26230,IDS_MP_MAP_INFO_CLOSE,center,center,true,Agency Regular,Regular,17,false
data/defs/ui/packages/legacy_imgui/game/mcl_mp_modem.fit,game.mcl_mp_modem.button.main_menu,Button0,main menu,"614,8,176,40",legacy.mc2res.27104,MAIN MENU,27104,IDS_MAIN_MENU_BUTTON,center,center,true,Agency Regular,Regular,17,false
data/defs/ui/packages/legacy_imgui/game/mcl_mp_modem.fit,game.mcl_mp_modem.button.join_game,Button1,join game,"365,419,175,37",legacy.mc2res.27103,BUY/SELL 'MECHS,27103,IDS_BUY_SELL_BUTTON,center,center,true,Agency Regular,Regular,17,false
data/defs/ui/packages/legacy_imgui/game/mcl_mp_modem.fit,game.mcl_mp_modem.button.host_game,Button2,host game,"570,419,175,37",legacy.mc2res.27103,BUY/SELL 'MECHS,27103,IDS_BUY_SELL_BUTTON,center,center,true,Agency Regular,Regular,17,false
data/defs/ui/packages/legacy_imgui/game/mcl_mp_modem.fit,game.mcl_mp_modem.button.back_button,Button3,back button,"5,536,128,59",legacy.mc2res.27101,BACK,27101,IDS_BACK,center,center,true,Agency Regular,Regular,17,false
data/defs/ui/packages/legacy_imgui/game/mcl_mp_modem_combobox0.fit,game.mcl_mp_modem_combobox0.button.button,ExpandButton,,"709,269,16,34",,,,,center,center,false,Agency Regular,Regular,14,false
data/defs/ui/packages/legacy_imgui/game/mcl_mp_modem_combobox1.fit,game.mcl_mp_modem_combobox1.button.button,ExpandButton,,"709,334,16,34",,,,,center,center,false,Agency Regular,Regular,14,false
data/defs/ui/packages/legacy_imgui/game/mcl_mp_param.fit,game.mcl_mp_param.button.main_menu_button,Button0,main menu button,"614,8,176,40",legacy.mc2res.27104,MAIN MENU,27104,IDS_MAIN_MENU_BUTTON,center,center,true,Agency Regular,Regular,17,false
data/defs/ui/packages/legacy_imgui/game/mcl_mp_param.fit,game.mcl_mp_param.button.load_map_button,Button1,load map button,"625,91,150,54",legacy.mc2res.26174,LOAD MAP,26174,IDS_STRING26174,center,center,true,Agency Regular,Regular,17,false
data/defs/ui/packages/legacy_imgui/game/mcl_mp_param.fit,game.mcl_mp_param.button.map_info_button,Button2,map info button,"625,159,150,32",legacy.mc2res.26175,MAP INFO,26175,IDS_STRING26175,center,center,true,Agency Regular,Regular,17,false
data/defs/ui/packages/legacy_imgui/game/mcl_mp_param.fit,game.mcl_mp_param.button.up_button_arrow_for_map_info_cbills,Button3,up button arrow for map info cbills,"758,227,16,10",,,,,center,center,false,Agency Regular,Regular,14,false
data/defs/ui/packages/legacy_imgui/game/mcl_mp_param.fit,game.mcl_mp_param.button.down_arrow_button_for_map_info_cbills,Button4,down arrow button for map info cbills,"758,238,16,10",,,,,center,center,false,Agency Regular,Regular,14,false
data/defs/ui/packages/legacy_imgui/game/mcl_mp_param.fit,game.mcl_mp_param.button.up_button_arrow_for_map_info_time_limit,Button5,up button arrow for map info time limit,"758,253,16,10",,,,,center,center,false,Agency Regular,Regular,14,false
data/defs/ui/packages/legacy_imgui/game/mcl_mp_param.fit,game.mcl_mp_param.button.down_arrow_button_for_map_info_cbills_01,Button6,down arrow button for map info cbills,"758,264,16,10",,,,,center,center,false,Agency Regular,Regular,14,false
data/defs/ui/packages/legacy_imgui/game/mcl_mp_param.fit,game.mcl_mp_param.button.up_button_arrow_for_map_info_cbills_01,Button7,up button arrow for map info cbills,"758,279,16,10",,,,,center,center,false,Agency Regular,Regular,14,false
data/defs/ui/packages/legacy_imgui/game/mcl_mp_param.fit,game.mcl_mp_param.button.down_arrow_button_for_map_info_cbills_02,Button8,down arrow button for map info cbills,"758,290,16,10",,,,,center,center,false,Agency Regular,Regular,14,false
data/defs/ui/packages/legacy_imgui/game/mcl_mp_param.fit,game.mcl_mp_param.button.check_box_for_airstrikes,Button9,check box for airstrikes,"513,319,12,12",legacy.mc2res.26161,AIRSTRIKE,26161,IDS_STRING26161,left,upper_left,true,Agency Regular,Regular,11,true
data/defs/ui/packages/legacy_imgui/game/mcl_mp_param.fit,game.mcl_mp_param.button.check_box_for_sensor_probe,Button10,check box for sensor probe,"644,319,12,12",legacy.mc2res.26167,SENSOR PROBE,26167,IDS_STRING26167,left,upper_left,true,Agency Regular,Regular,11,true
data/defs/ui/packages/legacy_imgui/game/mcl_mp_param.fit,game.mcl_mp_param.button.check_box_for_minelayers,Button11,check box for minelayers,"513,344,12,12",legacy.mc2res.26162,MINELAYER,26162,IDS_STRING26162,left,upper_left,true,Agency Regular,Regular,11,true
data/defs/ui/packages/legacy_imgui/game/mcl_mp_param.fit,game.mcl_mp_param.button.check_box_for_repair_vehicles,Button12,check box for repair vehicles,"644,344,12,12",legacy.mc2res.26168,REPAIR TRUCK,26168,IDS_STRING26168,left,upper_left,true,Agency Regular,Regular,11,true
data/defs/ui/packages/legacy_imgui/game/mcl_mp_param.fit,game.mcl_mp_param.button.lock_game_button,Button13,lock game button,"102,420,128,59",,,,,center,center,false,Agency Regular,Regular,14,false
data/defs/ui/packages/legacy_imgui/game/mcl_mp_param.fit,game.mcl_mp_param.button.remove_player,Button14,remove player,"279,420,128,59",,,,,center,center,false,Agency Regular,Regular,14,false
data/defs/ui/packages/legacy_imgui/game/mcl_mp_param.fit,game.mcl_mp_param.button.check_box_for_scouts,Button15,check box for scouts,"513,369,12,12",legacy.mc2res.26163,SCOUT 'COPTER,26163,IDS_STRING26163,left,upper_left,true,Agency Regular,Regular,11,true
data/defs/ui/packages/legacy_imgui/game/mcl_mp_param.fit,game.mcl_mp_param.button.check_box_for_recovery_team,Button16,check box for recovery team,"644,369,12,12",legacy.mc2res.26169,SALVAGE CRAFT,26169,IDS_STRING26169,left,upper_left,true,Agency Regular,Regular,11,true
data/defs/ui/packages/legacy_imgui/game/mcl_mp_param.fit,game.mcl_mp_param.button.check_box_for_guard_towers,Button17,check box for guard towers,"513,394,12,12",legacy.mc2res.26164,FIXED ARTILLERY,26164,IDS_STRING26164,left,upper_left,true,Agency Regular,Regular,11,true
data/defs/ui/packages/legacy_imgui/game/mcl_mp_param.fit,game.mcl_mp_param.button.check_box_for_resource_buildings,Button18,check box for resource buildings,"644,394,12,12",legacy.mc2res.26170,RESOURCE BLDG,26170,IDS_STRING26170,left,upper_left,true,Agency Regular,Regular,11,true
data/defs/ui/packages/legacy_imgui/game/mcl_mp_param.fit,game.mcl_mp_param.button.check_box_for_unlimited_ammo,Button19,check box for unlimited ammo,"513,419,12,12",legacy.mc2res.26165,UNLIMITED AMMO,26165,IDS_STRING26165,left,upper_left,true,Agency Regular,Regular,11,true
data/defs/ui/packages/legacy_imgui/game/mcl_mp_param.fit,game.mcl_mp_param.button.check_box_for_variants,Button20,check box for variants,"644,419,12,12",legacy.mc2res.26171,NO VARIANTS,26171,IDS_STRING26171,left,upper_left,true,Agency Regular,Regular,11,true
data/defs/ui/packages/legacy_imgui/game/mcl_mp_param.fit,game.mcl_mp_param.button.check_box_for_all_tech,Button21,check box for all tech,"644,444,12,12",legacy.mc2res.26166,ALL TECH,26166,IDS_STRING26166,left,upper_left,true,Agency Regular,Regular,11,true
data/defs/ui/packages/legacy_imgui/game/mcl_mp_param.fit,game.mcl_mp_param.button.use_quickstart_button,Button22,use quickstart button,"519,476,24,24",legacy.mc2res.26172,USE QUICKSTART,26172,IDS_STRING26172,left,upper_left,true,Agency Regular,Regular,17,true
data/defs/ui/packages/legacy_imgui/game/mcl_mp_param.fit,game.mcl_mp_param.button.back_button,Button23,back button,"5,536,128,59",legacy.mc2res.27101,BACK,27101,IDS_BACK,center,center,true,Agency Regular,Regular,17,false
data/defs/ui/packages/legacy_imgui/game/mcl_mp_param.fit,game.mcl_mp_param.button.next_button,Button24,next button,"666,536,128,59",legacy.mc2res.27171,LAUNCH,27171,IDS_STRING27171,center,center,true,Agency Regular,Regular,17,false
data/defs/ui/packages/legacy_imgui/game/mcl_mp_param.fit,game.mcl_mp_param.button.player_prefs_button,Button25,player prefs button,"428,8,176,40",legacy.mc2res.26173,PLAYER PREFS,26173,IDS_STRING26173,center,center,true,Agency Regular,Regular,17,false
data/defs/ui/packages/legacy_imgui/game/mcl_mp_param.fit,game.mcl_mp_param.button.check_box_for_rp_s_for_kills,Button26,check box for rp's for kills,"513,444,12,12",legacy.mc2res.26222,RP FOR 'MECHS,26222,IDS_MP_PARAM_RP_FOR_MECHS,left,upper_left,true,Agency Regular,Regular,11,true
data/defs/ui/packages/legacy_imgui/game/mcl_mp_param.fit,game.mcl_mp_param.button.up_button_arrow_for_map_info_drop_weight,Button27,up button arrow for map info drop weight,"758,201,16,10",,,,,center,center,false,Agency Regular,Regular,14,false
data/defs/ui/packages/legacy_imgui/game/mcl_mp_param.fit,game.mcl_mp_param.button.down_arrow_button_for_map_info_drop_weight,Button28,down arrow button for map info drop weight,"758,212,16,10",,,,,center,center,false,Agency Regular,Regular,14,false
data/defs/ui/packages/legacy_imgui/game/mcl_mp_param.fit,game.mcl_mp_param.button.up_arrow_button_for_cbills_gadget,PlayerParamsCBillsSpinnerUpButton,up arrow button for cbills gadget,"405,91,16,10",,,,,center,center,false,Agency Regular,Regular,14,false
data/defs/ui/packages/legacy_imgui/game/mcl_mp_param.fit,game.mcl_mp_param.button.down_arrow_for_c_bills_gadget,PlayerParamsCBillsSpinnerDownButton,down arrow for c-bills gadget,"405,109,16,10",,,,,center,center,false,Agency Regular,Regular,14,false
data/defs/ui/packages/legacy_imgui/game/mcl_mp_param.fit,game.mcl_mp_param.button.check_box_for_player_ready,PlayerParamsReadyButton,check box for player ready,"445,93,24,24",,,,,center,center,false,Agency Regular,Regular,14,false
data/defs/ui/packages/legacy_imgui/game/mcl_mp_param_combobox0.fit,game.mcl_mp_param_combobox0.button.button,ExpandButton,,"247,100,16,10",,,,,center,center,false,Agency Regular,Regular,14,false
data/defs/ui/packages/legacy_imgui/game/mcl_mp_param_combobox1.fit,game.mcl_mp_param_combobox1.button.button,ExpandButton,,"336,100,16,10",,,,,center,center,false,Agency Regular,Regular,14,false
data/defs/ui/packages/legacy_imgui/game/mcl_mp_param_droplist0.fit,game.mcl_mp_param_droplist0.button.down_triangle,ExpandButton,down triangle,"760,279,12,6",,,,,center,center,false,Agency Regular,Regular,14,false
data/defs/ui/packages/legacy_imgui/game/mcl_mp_param_droplist1.fit,game.mcl_mp_param_droplist1.button.down_triangle,ExpandButton,down triangle,"760,305,12,6",,,,,center,center,false,Agency Regular,Regular,14,false
data/defs/ui/packages/legacy_imgui/game/mcl_mp_param_droplist2.fit,game.mcl_mp_param_droplist2.button.down_triangle,ExpandButton,down triangle,"760,331,12,6",,,,,center,center,false,Agency Regular,Regular,14,false
data/defs/ui/packages/legacy_imgui/game/mcl_mp_param_droplist3.fit,game.mcl_mp_param_droplist3.button.down_triangle,ExpandButton,down triangle,"249,102,12,6",,,,,center,center,false,Agency Regular,Regular,14,false
data/defs/ui/packages/legacy_imgui/game/mcl_mp_param_droplist4.fit,game.mcl_mp_param_droplist4.button.down_triangle,ExpandButton,down triangle,"338,102,12,6",,,,,center,center,false,Agency Regular,Regular,14,false
data/defs/ui/packages/legacy_imgui/game/mcl_mp_paramplay.fit,game.mcl_mp_paramplay.button.main_menu_button,Button0,main menu button,"614,8,176,40",legacy.mc2res.27104,MAIN MENU,27104,IDS_MAIN_MENU_BUTTON,center,center,true,Agency Regular,Regular,17,false
data/defs/ui/packages/legacy_imgui/game/mcl_mp_paramplay.fit,game.mcl_mp_paramplay.button.check_box_for_player_ready,Button1,check box for player ready,"468,116,24,24",,,,,center,center,false,Agency Regular,Regular,14,false
data/defs/ui/packages/legacy_imgui/game/mcl_mp_paramplay.fit,game.mcl_mp_paramplay.button.map_info_button,Button2,map info button,"625,179,150,32",legacy.mc2res.27103,BUY/SELL 'MECHS,27103,IDS_BUY_SELL_BUTTON,center,center,true,Agency Regular,Regular,17,false
data/defs/ui/packages/legacy_imgui/game/mcl_mp_paramplay.fit,game.mcl_mp_paramplay.button.check_box_for_airstrikes_non_clickable,Button3,check box for airstrikes- non clickable,"513,319,12,12",legacy.mc2res.27103,BUY/SELL 'MECHS,27103,IDS_BUY_SELL_BUTTON,center,center,true,Agency Regular,Regular,11,false
data/defs/ui/packages/legacy_imgui/game/mcl_mp_paramplay.fit,game.mcl_mp_paramplay.button.check_box_for_sensor_probe,Button4,check box for sensor probe,"644,319,12,12",legacy.mc2res.27103,BUY/SELL 'MECHS,27103,IDS_BUY_SELL_BUTTON,center,center,true,Agency Regular,Regular,11,false
data/defs/ui/packages/legacy_imgui/game/mcl_mp_paramplay.fit,game.mcl_mp_paramplay.button.check_box_for_minelayers,Button5,check box for minelayers,"513,344,12,12",legacy.mc2res.27103,BUY/SELL 'MECHS,27103,IDS_BUY_SELL_BUTTON,center,center,true,Agency Regular,Regular,11,false
data/defs/ui/packages/legacy_imgui/game/mcl_mp_paramplay.fit,game.mcl_mp_paramplay.button.check_box_for_repair_vehicles,Button6,check box for repair vehicles,"644,344,12,12",legacy.mc2res.27103,BUY/SELL 'MECHS,27103,IDS_BUY_SELL_BUTTON,center,center,true,Agency Regular,Regular,11,false
data/defs/ui/packages/legacy_imgui/game/mcl_mp_paramplay.fit,game.mcl_mp_paramplay.button.check_box_for_scouts,Button7,check box for scouts,"513,369,12,12",legacy.mc2res.27103,BUY/SELL 'MECHS,27103,IDS_BUY_SELL_BUTTON,center,center,true,Agency Regular,Regular,11,false
data/defs/ui/packages/legacy_imgui/game/mcl_mp_paramplay.fit,game.mcl_mp_paramplay.button.check_box_for_recovery_team,Button8,check box for recovery team,"644,369,12,12",legacy.mc2res.27103,BUY/SELL 'MECHS,27103,IDS_BUY_SELL_BUTTON,center,center,true,Agency Regular,Regular,11,false
data/defs/ui/packages/legacy_imgui/game/mcl_mp_paramplay.fit,game.mcl_mp_paramplay.button.check_box_for_guard_towers,Button9,check box for guard towers,"513,394,12,12",legacy.mc2res.27103,BUY/SELL 'MECHS,27103,IDS_BUY_SELL_BUTTON,center,center,true,Agency Regular,Regular,11,false
data/defs/ui/packages/legacy_imgui/game/mcl_mp_paramplay.fit,game.mcl_mp_paramplay.button.check_box_for_resource_buildings,Button10,check box for resource buildings,"644,394,12,12",legacy.mc2res.27103,BUY/SELL 'MECHS,27103,IDS_BUY_SELL_BUTTON,center,center,true,Agency Regular,Regular,11,false
data/defs/ui/packages/legacy_imgui/game/mcl_mp_paramplay.fit,game.mcl_mp_paramplay.button.check_box_for_unlimited_ammo,Button11,check box for unlimited ammo,"513,419,12,12",legacy.mc2res.27103,BUY/SELL 'MECHS,27103,IDS_BUY_SELL_BUTTON,center,center,true,Agency Regular,Regular,11,false
data/defs/ui/packages/legacy_imgui/game/mcl_mp_paramplay.fit,game.mcl_mp_paramplay.button.check_box_for_variants,Button12,check box for variants,"644,419,12,12",legacy.mc2res.27103,BUY/SELL 'MECHS,27103,IDS_BUY_SELL_BUTTON,center,center,true,Agency Regular,Regular,11,false
data/defs/ui/packages/legacy_imgui/game/mcl_mp_paramplay.fit,game.mcl_mp_paramplay.button.check_box_for_all_tech,Button13,check box for all tech,"513,444,12,12",legacy.mc2res.27103,BUY/SELL 'MECHS,27103,IDS_BUY_SELL_BUTTON,center,center,true,Agency Regular,Regular,11,false
data/defs/ui/packages/legacy_imgui/game/mcl_mp_paramplay.fit,game.mcl_mp_paramplay.button.use_quickstart_button,Button14,use quickstart button,"515,472,256,32",legacy.mc2res.27103,BUY/SELL 'MECHS,27103,IDS_BUY_SELL_BUTTON,center,center,true,Agency Regular,Regular,17,false
data/defs/ui/packages/legacy_imgui/game/mcl_mp_paramplay.fit,game.mcl_mp_paramplay.button.back_button,Button15,back button,"5,536,128,59",legacy.mc2res.27101,BACK,27101,IDS_BACK,center,center,true,Agency Regular,Regular,17,false
data/defs/ui/packages/legacy_imgui/game/mcl_mp_paramplay.fit,game.mcl_mp_paramplay.button.chat_button,Button16,chat button,"146,549,36,43",,,,,center,center,false,Agency Regular,Regular,14,false
data/defs/ui/packages/legacy_imgui/game/mcl_mp_paramplay.fit,game.mcl_mp_paramplay.button.up_arrow_button_for_cbills_gadget,PlayerParamsCBillsSpinnerUpButton,up arrow button for cbills gadget,"405,91,16,10",,,,,center,center,false,Agency Regular,Regular,14,false
data/defs/ui/packages/legacy_imgui/game/mcl_mp_paramplay.fit,game.mcl_mp_paramplay.button.down_arrow_for_c_bills_gadget,PlayerParamsCBillsSpinnerDownButton,down arrow for c-bills gadget,"407,111,12,6",,,,,center,center,false,Agency Regular,Regular,14,false
data/defs/ui/packages/legacy_imgui/game/mcl_mp_paramplay.fit,game.mcl_mp_paramplay.button.check_box_for_player_ready_01,PlayerParamsReadyButton,check box for player ready,"445,93,24,24",,,,,center,center,false,Agency Regular,Regular,14,false
data/defs/ui/packages/legacy_imgui/game/mcl_mp_playerprefs.fit,game.mcl_mp_playerprefs.button.main_menu,Button0,main menu,"614,8,176,40",legacy.mc2res.27104,MAIN MENU,27104,IDS_MAIN_MENU_BUTTON,center,center,true,Agency Regular,Regular,17,false
data/defs/ui/packages/legacy_imgui/game/mcl_mp_playerprefs.fit,game.mcl_mp_playerprefs.button.base_color_tab,Button1,"\""BASE COLOR\"" tab","162,280,121,106",legacy.mc2res.26334,BASE COLOR,26334,IDS_MP_PREFS_BASE_COLOR,left,upper_left,true,Agency Regular,Regular,11,true
data/defs/ui/packages/legacy_imgui/game/mcl_mp_playerprefs.fit,game.mcl_mp_playerprefs.button.stripe_color_tab,Button2,"\""STRIPE COLOR\"" tab","162,390,121,106",legacy.mc2res.26336,STRIPE COLOR,26336,IDS_MP_PREFS_STRIPE_COLOR2,left,upper_left,true,Agency Regular,Regular,11,true
data/defs/ui/packages/legacy_imgui/game/mcl_mp_playerprefs.fit,game.mcl_mp_playerprefs.button.cancel_button,Button5,"\""CANCEL\"" button","5,536,128,59",legacy.mc2res.27300,CANCEL,27300,IDS_MC_CANCEL,center,center,true,Agency Regular,Regular,17,false
data/defs/ui/packages/legacy_imgui/game/mcl_mp_playerprefs.fit,game.mcl_mp_playerprefs.button.accept_button,Button3,"\""ACCEPT\"" button","666,536,128,59",legacy.mc2res.27303,ACCEPT,27303,IDS_MC_ACCEPT,center,center,true,Agency Regular,Regular,17,false
data/defs/ui/packages/legacy_imgui/game/mcl_mp_playerprefs_combobox1.fit,game.mcl_mp_playerprefs_combobox1.button.button,ExpandButton,,"344,101,16,19",,,,,center,center,false,Agency Regular,Regular,14,false
data/defs/ui/packages/legacy_imgui/game/mcl_mp_playerprefs_combobox2.fit,game.mcl_mp_playerprefs_combobox2.button.button,ExpandButton,,"344,158,16,19",,,,,center,center,false,Agency Regular,Regular,14,false
data/defs/ui/packages/legacy_imgui/game/mcl_mp_playerprefs_combobox3.fit,game.mcl_mp_playerprefs_combobox3.button.button,ExpandButton,,"344,215,16,34",,,,,center,center,false,Agency Regular,Regular,14,false
data/defs/ui/packages/legacy_imgui/game/mcl_mp_setup_combobox0.fit,game.mcl_mp_setup_combobox0.button.down_triangle,ExpandButton,down triangle,"312,93,12,6",legacy.strings.ids_undefined_string_sebi,,0,IDS_undefined_string_sebi,center,center,false,Agency Regular,Regular,14,false
data/defs/ui/packages/legacy_imgui/game/mcl_mp_setup_combobox1.fit,game.mcl_mp_setup_combobox1.button.down_triangle,ExpandButton,down triangle,"312,150,12,6",legacy.strings.ids_undefined_string_sebi,,0,IDS_undefined_string_sebi,center,center,false,Agency Regular,Regular,14,false
data/defs/ui/packages/legacy_imgui/game/mcl_mp_setup_droplist0.fit,game.mcl_mp_setup_droplist0.button.down_triangle,ExpandButton,down triangle,"312,207,12,6",legacy.strings.ids_undefined_string_sebi,,0,IDS_undefined_string_sebi,center,center,false,Agency Regular,Regular,14,false
data/defs/ui/packages/legacy_imgui/game/mcl_mp_setuplayout.fit,game.mcl_mp_setuplayout.button.done_button_in_lower_right_corner,Button0,DONE button in lower right corner,"666,536,128,59",legacy.mc2res.27100,NEXT,27100,IDS_NEXT,center,center,true,Agency Regular,Regular,14,false
data/defs/ui/packages/legacy_imgui/game/mcl_mp_setuplayout.fit,game.mcl_mp_setuplayout.button.main_menubutton_in_upper_right_hand_corner,Button1,main menubutton in upper right hand corner,"614,8,176,40",legacy.mc2res.27104,MAIN MENU,27104,IDS_MAIN_MENU_BUTTON,center,center,true,Agency Regular,Regular,14,false
data/defs/ui/packages/legacy_imgui/game/mcl_mp_setuplayout.fit,game.mcl_mp_setuplayout.button.radio_button_for_internet_zone,Button2,Radio button for internet (zone),"505,99,46,46",legacy.strings.ids_undefined_string_sebi,,0,IDS_undefined_string_sebi,center,center,false,Agency Regular,Regular,14,false
data/defs/ui/packages/legacy_imgui/game/mcl_mp_setuplayout.fit,game.mcl_mp_setuplayout.button.radio_button_for_lan,Button3,Radio button for LAN,"505,171,46,46",legacy.strings.ids_undefined_string_sebi,,0,IDS_undefined_string_sebi,center,center,false,Agency Regular,Regular,14,false
data/defs/ui/packages/legacy_imgui/game/mcl_mp_setuplayout.fit,game.mcl_mp_setuplayout.button.radio_button_for_direct_tcp_ip,Button4,Radio button for direct tcp/ip,"505,242,46,46",legacy.strings.ids_undefined_string_sebi,,0,IDS_undefined_string_sebi,center,center,false,Agency Regular,Regular,14,false
data/defs/ui/packages/legacy_imgui/game/mcl_mp_setuplayout.fit,game.mcl_mp_setuplayout.button.radio_button_for_modem_to_modem,Button5,Radio button for modem to modem,"505,314,46,46",legacy.strings.ids_undefined_string_sebi,,0,IDS_undefined_string_sebi,center,center,false,Agency Regular,Regular,14,false
data/defs/ui/packages/legacy_imgui/game/mcl_mp_setuplayout.fit,game.mcl_mp_setuplayout.button.button,Tab0Button,,"30,297,121,106",,,,,center,center,false,Agency Regular,Regular,14,false
data/defs/ui/packages/legacy_imgui/game/mcl_mp_setuplayout.fit,game.mcl_mp_setuplayout.button.button_01,Tab1Button,,"30,407,121,106",,,,,center,center,false,Agency Regular,Regular,14,false
data/defs/ui/packages/legacy_imgui/game/mcl_mp_stats.fit,game.mcl_mp_stats.button.close_button,Button0,CLOSE button,"666,536,128,59",legacy.mc2res.27708,CLOSE,27708,IDS_EN_CLOSE,center,center,true,Agency Regular,Regular,17,false
data/defs/ui/packages/legacy_imgui/game/mcl_mp_stats.fit,game.mcl_mp_stats.button.chat_button,Button1,chat button,"146,549,36,43",,,,,center,center,false,Agency Regular,Regular,14,false
data/defs/ui/packages/legacy_imgui/game/mcl_mp_tcpip.fit,game.mcl_mp_tcpip.button.main_menu,Button0,main menu,"614,8,176,40",legacy.mc2res.27104,MAIN MENU,27104,IDS_MAIN_MENU_BUTTON,center,center,true,Agency Regular,Regular,17,false
data/defs/ui/packages/legacy_imgui/game/mcl_mp_tcpip.fit,game.mcl_mp_tcpip.button.join_game,Button1,join game,"365,419,175,37",legacy.mc2res.27103,BUY/SELL 'MECHS,27103,IDS_BUY_SELL_BUTTON,center,center,true,Agency Regular,Regular,17,false
data/defs/ui/packages/legacy_imgui/game/mcl_mp_tcpip.fit,game.mcl_mp_tcpip.button.host_game,Button2,host game,"570,419,175,37",legacy.mc2res.27103,BUY/SELL 'MECHS,27103,IDS_BUY_SELL_BUTTON,center,center,true,Agency Regular,Regular,17,false
data/defs/ui/packages/legacy_imgui/game/mcl_mp_tcpip.fit,game.mcl_mp_tcpip.button.back_button,Button3,back button,"5,536,128,59",legacy.mc2res.27101,BACK,27101,IDS_BACK,center,center,true,Agency Regular,Regular,17,false
data/defs/ui/packages/legacy_imgui/game/mcl_mp_tcpip_combobox0.fit,game.mcl_mp_tcpip_combobox0.button.button,ExpandButton,,"709,334,16,34",,,,,center,center,false,Agency Regular,Regular,14,false
data/defs/ui/packages/legacy_imgui/game/mcl_options.fit,game.mcl_options.button.graphics_tab,Button0,graphics tab,"95,132,138,25",legacy.mc2res.26502,GRAPHICS,26502,IDS_OPTIONS_GRAPHICS,left,upper_left,true,Agency Regular,Regular,11,true
data/defs/ui/packages/legacy_imgui/game/mcl_options.fit,game.mcl_options.button.audio_tab,Button1,audio tab,"247,132,138,25",legacy.mc2res.26504,AUDIO,26504,IDS_OPTIONS_AUDIO,left,upper_left,true,Agency Regular,Regular,11,true
data/defs/ui/packages/legacy_imgui/game/mcl_options.fit,game.mcl_options.button.gameplay_tab,Button2,gameplay tab,"399,132,138,25",legacy.mc2res.26506,GAMEPLAY,26506,IDS_OPTIONS_GAMEPLAY,left,upper_left,true,Agency Regular,Regular,11,true
data/defs/ui/packages/legacy_imgui/game/mcl_options.fit,game.mcl_options.button.hotkey_tab,Button3,hotkey tab,"550,132,138,25",legacy.mc2res.26508,HOTKEYS,26508,IDS_OPTIONS_HOTKEYS,left,upper_left,true,Agency Regular,Regular,11,true
data/defs/ui/packages/legacy_imgui/game/mcl_options.fit,game.mcl_options.button.cancel_button,Button4,cancel button,"144,525,176,40",legacy.mc2res.27206,CANCEL,27206,IDS_PM_CANCEL,center,center,true,Agency Regular,Regular,14,false
data/defs/ui/packages/legacy_imgui/game/mcl_options.fit,game.mcl_options.button.accept_button,Button5,accept button,"481,525,176,40",legacy.mc2res.27209,ACCEPT,27209,IDS_PM_ACCEPT,center,center,true,Agency Regular,Regular,14,false
data/defs/ui/packages/legacy_imgui/game/mcl_options_combobox0.fit,game.mcl_options_combobox0.button.button,ExpandButton,,"271,196,16,19",,,,,center,center,false,Agency Regular,Regular,14,false
data/defs/ui/packages/legacy_imgui/game/mcl_options_combobox2.fit,game.mcl_options_combobox2.button.button,ExpandButton,,"549,196,16,19",,,,,center,center,false,Agency Regular,Regular,14,false
data/defs/ui/packages/legacy_imgui/game/mcl_optionsaudio.fit,game.mcl_optionsaudio.button.master_digital_low_vol,Button0,master digital low vol,"73,52,11,19",,,,,center,center,false,Agency Regular,Regular,14,false
data/defs/ui/packages/legacy_imgui/game/mcl_optionsaudio.fit,game.mcl_optionsaudio.button.master_digital_high_vol,Button1,master digital high vol,"255,52,11,19",,,,,center,center,false,Agency Regular,Regular,14,false
data/defs/ui/packages/legacy_imgui/game/mcl_optionsaudio.fit,game.mcl_optionsaudio.button.music_low_vol,Button2,music low vol,"73,100,11,19",,,,,center,center,false,Agency Regular,Regular,14,false
data/defs/ui/packages/legacy_imgui/game/mcl_optionsaudio.fit,game.mcl_optionsaudio.button.music_high_vol,Button3,music high vol,"255,100,11,19",,,,,center,center,false,Agency Regular,Regular,14,false
data/defs/ui/packages/legacy_imgui/game/mcl_optionsaudio.fit,game.mcl_optionsaudio.button.sfx_low_vol,Button4,sfx low vol,"73,149,11,19",,,,,center,center,false,Agency Regular,Regular,14,false
data/defs/ui/packages/legacy_imgui/game/mcl_optionsaudio.fit,game.mcl_optionsaudio.button.sfx_high_vol,Button5,sfx high vol,"255,149,11,19",,,,,center,center,false,Agency Regular,Regular,14,false
data/defs/ui/packages/legacy_imgui/game/mcl_optionsaudio.fit,game.mcl_optionsaudio.button.radio_low_vol,Button6,radio low vol,"73,198,11,19",,,,,center,center,false,Agency Regular,Regular,14,false
data/defs/ui/packages/legacy_imgui/game/mcl_optionsaudio.fit,game.mcl_optionsaudio.button.radio_high_vol,Button7,radio high vol,"255,198,11,19",,,,,center,center,false,Agency Regular,Regular,14,false
data/defs/ui/packages/legacy_imgui/game/mcl_optionsaudio.fit,game.mcl_optionsaudio.button.computer_message_low_vol,Button8,computer message low vol,"73,247,11,19",,,,,center,center,false,Agency Regular,Regular,14,false
data/defs/ui/packages/legacy_imgui/game/mcl_optionsaudio.fit,game.mcl_optionsaudio.button.computer_message_high_vol,Button9,computer message high vol.,"255,247,11,19",,,,,center,center,false,Agency Regular,Regular,14,false
data/defs/ui/packages/legacy_imgui/game/mcl_optionsaudio.fit,game.mcl_optionsaudio.button.reset_button,Button10,reset button,"449,254,150,32",legacy.mc2res.26536,DEFAULT,26536,IDS_OPTIONS_RESET,center,center,true,Agency Regular,Regular,14,false
data/defs/ui/packages/legacy_imgui/game/mcl_optionsaudio.fit,game.mcl_optionsaudio.button.master_digital_slider,Button11,master digital slider,"86,52,14,17",,,,,center,center,false,Agency Regular,Regular,14,false
data/defs/ui/packages/legacy_imgui/game/mcl_optionsaudio.fit,game.mcl_optionsaudio.button.music_slider,Button12,music slider,"86,100,14,17",,,,,center,center,false,Agency Regular,Regular,14,false
data/defs/ui/packages/legacy_imgui/game/mcl_optionsaudio.fit,game.mcl_optionsaudio.button.sfx_slider,Button13,sfx slider,"86,149,14,17",,,,,center,center,false,Agency Regular,Regular,14,false
data/defs/ui/packages/legacy_imgui/game/mcl_optionsaudio.fit,game.mcl_optionsaudio.button.radio_slider,Button14,radio slider,"86,198,14,17",,,,,center,center,false,Agency Regular,Regular,14,false
data/defs/ui/packages/legacy_imgui/game/mcl_optionsaudio.fit,game.mcl_optionsaudio.button.computer_message_slider,Button15,computer message slider,"86,247,14,17",,,,,center,center,false,Agency Regular,Regular,14,false
data/defs/ui/packages/legacy_imgui/game/mcl_optionsgameplay.fit,game.mcl_optionsgameplay.button.check_box_unlimited_ammo,Button0,check box: unlimited ammo,"253,14,12,12",legacy.mc2res.26585,UNLIMITED AMMO,26585,IDS_OPTIONS_UNLIMITED_AMMO,left,upper_left,true,Agency Regular,Regular,11,true
data/defs/ui/packages/legacy_imgui/game/mcl_optionsgameplay.fit,game.mcl_optionsgameplay.button.difficulty_level_radio_green,Button1,difficulty level radio: green,"14,35,12,12",legacy.mc2res.26565,GREEN,26565,IDS_OPTIONS_GREEN,left,upper_left,true,Agency Regular,Regular,11,true
data/defs/ui/packages/legacy_imgui/game/mcl_optionsgameplay.fit,game.mcl_optionsgameplay.button.check_box_left_click_right_click,Button2,check box: left click/right click,"253,44,12,12",legacy.mc2res.26579,LEFT-CLICK/RIGHT-CLICK MOUSE CONTROL,26579,IDS_OPTIONS_CLICK,left,upper_left,true,Agency Regular,Regular,11,true
data/defs/ui/packages/legacy_imgui/game/mcl_optionsgameplay.fit,game.mcl_optionsgameplay.button.difficulty_level_radio_regular,Button3,difficulty level radio: regular,"14,55,12,12",legacy.mc2res.26567,REGULAR,26567,IDS_OPTIONS_REGULAR,left,upper_left,true,Agency Regular,Regular,11,true
data/defs/ui/packages/legacy_imgui/game/mcl_optionsgameplay.fit,game.mcl_optionsgameplay.button.difficulty_level_radio_veteran,Button4,difficulty level radio: veteran,"14,75,12,12",legacy.mc2res.26569,VETERAN,26569,IDS_OPTIONS_VETERAN,left,upper_left,true,Agency Regular,Regular,11,true
data/defs/ui/packages/legacy_imgui/game/mcl_optionsgameplay.fit,game.mcl_optionsgameplay.button.difficulty_level_radio_elite,Button5,difficulty level radio: elite,"14,95,12,12",legacy.mc2res.26571,ELITE,26571,IDS_OPTIONS_ELITE,left,upper_left,true,Agency Regular,Regular,11,true
data/defs/ui/packages/legacy_imgui/game/mcl_optionsgameplay.fit,game.mcl_optionsgameplay.button.base_color_tab,Button6,base color tab,"12,150,121,65",legacy.mc2res.26575,BASE COLOR,26575,IDS_OPTIONS_BASE_COLOR,left,upper_left,true,Agency Regular,Regular,11,true
data/defs/ui/packages/legacy_imgui/game/mcl_optionsgameplay.fit,game.mcl_optionsgameplay.button.accent_color_tab,Button7,accent color tab,"12,221,121,65",legacy.mc2res.26577,STRIPE COLOR,26577,IDS_OPTIONS_ACCENT_COLOR,left,upper_left,true,Agency Regular,Regular,11,true
data/defs/ui/packages/legacy_imgui/game/mcl_optionsgameplay.fit,game.mcl_optionsgameplay.button.reset_button,Button8,reset button,"449,254,150,32",legacy.mc2res.26536,DEFAULT,26536,IDS_OPTIONS_RESET,center,center,true,Agency Regular,Regular,14,false
data/defs/ui/packages/legacy_imgui/game/mcl_optionsgraphics.fit,game.mcl_optionsgraphics.button.check_box_pilot_videos,Button0,check box- pilot videos,"26,16,12,12",legacy.mc2res.26512,PILOT VIDEOS,26512,IDS_OPTIONS_PILOT_VIDEOS,left,upper_left,true,Agency Regular,Regular,11,true
data/defs/ui/packages/legacy_imgui/game/mcl_optionsgraphics.fit,game.mcl_optionsgraphics.button.check_box_terrain_detail,Button1,check box- terrain detail,"304,16,12,12",legacy.mc2res.26520,DETAIL TEXTURES,26520,IDS_OPTIONS_TERRAIN_DETAIL,left,upper_left,true,Agency Regular,Regular,11,true
data/defs/ui/packages/legacy_imgui/game/mcl_optionsgraphics.fit,game.mcl_optionsgraphics.button.check_box_shadows,Button2,check box- shadows,"26,46,12,12",legacy.mc2res.26514,SHADOWS,26514,IDS_OPTIONS_FULL_SCREEN3,left,upper_left,true,Agency Regular,Regular,11,true
data/defs/ui/packages/legacy_imgui/game/mcl_optionsgraphics.fit,game.mcl_optionsgraphics.button.check_box_high_object_detail,Button3,check box- high object detail,"304,46,12,12",legacy.mc2res.26522,HIGH OBJECT DETAIL,26522,IDS_OPTIONS_HIGH_OBJECT_DETAIL,left,upper_left,true,Agency Regular,Regular,11,true
data/defs/ui/packages/legacy_imgui/game/mcl_optionsgraphics.fit,game.mcl_optionsgraphics.button.check_box_local_shadows,Button4,check box-  local shadows,"26,76,12,12",legacy.mc2res.26516,LOCAL SHADOWS,26516,IDS_OPTIONS_LOCAL_SHADOWS,left,upper_left,true,Agency Regular,Regular,11,true
data/defs/ui/packages/legacy_imgui/game/mcl_optionsgraphics.fit,game.mcl_optionsgraphics.button.check_box_non_weapon_fx,Button5,check box- non weapon fx,"304,76,12,12",legacy.mc2res.26524,NON-WEAPON EFFECTS,26524,IDS_OPTIONS_NON_WEAPON_EFFECTS,left,upper_left,true,Agency Regular,Regular,11,true
data/defs/ui/packages/legacy_imgui/game/mcl_optionsgraphics.fit,game.mcl_optionsgraphics.button.check_box_hardware_rasterizer,Button6,check box-hardware rasterizer,"26,106,12,12",legacy.mc2res.26518,HARDWARE RASTERIZER,26518,IDS_OPTIONS_RASTERIZER,left,upper_left,true,Agency Regular,Regular,11,true
data/defs/ui/packages/legacy_imgui/game/mcl_optionsgraphics.fit,game.mcl_optionsgraphics.button.check_box_use_async_mouse,Button7,check box-use async mouse,"304,106,12,12",legacy.mc2res.26526,HARDWARE MOUSE UPDATE,26526,IDS_OPTIONS_USE_ASYNC_MOUSE,left,upper_left,true,Agency Regular,Regular,11,true
data/defs/ui/packages/legacy_imgui/game/mcl_optionsgraphics.fit,game.mcl_optionsgraphics.button.reset_button,Button8,reset button,"449,254,150,32",legacy.mc2res.26536,DEFAULT,26536,IDS_OPTIONS_RESET,center,center,true,Agency Regular,Regular,14,false
data/defs/ui/packages/legacy_imgui/game/mcl_optionshotkeys.fit,game.mcl_optionshotkeys.button.reset_button,Button0,reset button,"449,254,150,32",legacy.mc2res.26536,DEFAULT,26536,IDS_OPTIONS_RESET,center,center,true,Agency Regular,Regular,14,false
data/defs/ui/packages/legacy_imgui/game/mcl_pr_layout.fit,game.mcl_pr_layout.button.back_button,PilotReadyButton0,back button,"5,536,128,59",legacy.mc2res.27101,BACK,27101,IDS_BACK,center,center,true,Agency Regular,Regular,17,false
data/defs/ui/packages/legacy_imgui/game/mcl_pr_layout.fit,game.mcl_pr_layout.button.launch_button,PilotReadyButton1,LAUNCH  button,"666,536,128,59",legacy.mc2res.27171,LAUNCH,27171,IDS_STRING27171,center,center,true,Agency Regular,Regular,17,false
data/defs/ui/packages/legacy_imgui/game/mcl_pr_layout.fit,game.mcl_pr_layout.button.add_pilot_button,PilotReadyButton2,add pilot button,"356,58,176,42",legacy.mc2res.27150,ADD PILOT,27150,IDS_PR_ADD_PILOT,center,center,true,Agency Regular,Regular,14,false
data/defs/ui/packages/legacy_imgui/game/mcl_pr_layout.fit,game.mcl_pr_layout.button.remove_pilot_button,PilotReadyButton3,remove pilot button,"356,104,176,42",legacy.mc2res.27155,REMOVE PILOT,27155,IDS_PR_REMOVE,center,center,true,Agency Regular,Regular,14,false
data/defs/ui/packages/legacy_imgui/game/mcl_pr_layout.fit,game.mcl_pr_layout.button.main_menu_button,PilotReadyButton4,main menu button,"614,8,176,40",legacy.mc2res.27104,MAIN MENU,27104,IDS_MAIN_MENU_BUTTON,center,center,true,Agency Regular,Regular,17,false
data/defs/ui/packages/legacy_imgui/game/mcl_sm.fit,game.mcl_sm.button.delete_button,Button0,delete button,"515,277,94,32",legacy.mc2res.27657,DELETE,27657,IDS_DIALOG_DELETE,center,center,true,Agency Regular,Regular,17,false
data/defs/ui/packages/legacy_imgui/game/mcl_sm.fit,game.mcl_sm.button.cancel_button,Button1,cancel button,"181,407,128,59",legacy.mc2res.27651,CANCEL,27651,IDS_DIALOG_CANCEL,center,center,true,Agency Regular,Regular,17,false
data/defs/ui/packages/legacy_imgui/game/mcl_sm.fit,game.mcl_sm.button.save_button_this_should_say_load_for_load_mission_dialog,Button2,save button.  this should say load for load mission dialog,"491,407,128,59",legacy.mc2res.27659,SAVE,27659,IDS_DIALOG_SAVE,center,center,true,Agency Regular,Regular,17,false
data/defs/ui/packages/legacy_imgui/game/mcl_sv.fit,game.mcl_sv.button.delete_button,Button0,delete button,"516,202,94,32",legacy.mc2res.27657,DELETE,27657,IDS_DIALOG_DELETE,center,center,true,Agency Regular,Regular,17,false
data/defs/ui/packages/legacy_imgui/game/mcl_sv.fit,game.mcl_sv.button.cancel_button,Button1,cancel button,"181,407,128,59",legacy.mc2res.27651,CANCEL,27651,IDS_DIALOG_CANCEL,center,center,true,Agency Regular,Regular,17,false
data/defs/ui/packages/legacy_imgui/game/mcl_sv.fit,game.mcl_sv.button.save_button,Button2,save button.,"491,407,128,59",legacy.mc2res.27659,SAVE,27659,IDS_DIALOG_SAVE,center,center,true,Agency Regular,Regular,17,false
data/defs/ui/packages/legacy_imgui/game/mcl_sv_acceptchanges.fit,game.mcl_sv_acceptchanges.button.cancel_button,Button0,cancel button,"181,407,128,59",legacy.mc2res.27651,CANCEL,27651,IDS_DIALOG_CANCEL,center,center,true,Agency Regular,Regular,17,false
data/defs/ui/packages/legacy_imgui/game/mcl_sv_acceptchanges.fit,game.mcl_sv_acceptchanges.button.accept_button,Button1,accept button.,"491,407,128,59",legacy.mc2res.27659,SAVE,27659,IDS_DIALOG_SAVE,center,center,true,Agency Regular,Regular,17,false
data/defs/ui/packages/legacy_imgui/game/mcui_keyref_1024.fit,game.mcui_keyref_1024.button.close_keyref_close_reference,Button0,"close keyref \""CLOSE REFERENCE\""","738,706,256,32",legacy.mc2res.27708,CLOSE,27708,IDS_EN_CLOSE,center,center,true,Agency Regular,Regular,17,false
data/defs/ui/packages/legacy_imgui/game/mcui_keyref_1280.fit,game.mcui_keyref_1280.button.close_keyref_close_reference,Button0,"close keyref \""CLOSE REFERENCE\""","991,960,256,32",legacy.mc2res.27708,CLOSE,27708,IDS_EN_CLOSE,center,center,true,Agency Regular,Regular,17,false
data/defs/ui/packages/legacy_imgui/game/mcui_keyref_1600.fit,game.mcui_keyref_1600.button.close_keyref_close_reference,Button0,"close keyref \""CLOSE REFERENCE\""","1310,1136,256,32",legacy.mc2res.27708,CLOSE,27708,IDS_EN_CLOSE,center,center,true,Agency Regular,Regular,17,false
data/defs/ui/packages/legacy_imgui/game/mcui_keyref_640.fit,game.mcui_keyref_640.button.close_keyref_close_reference,Button0,"close keyref \""CLOSE REFERENCE\""","354,418,256,32",legacy.mc2res.27708,CLOSE,27708,IDS_EN_CLOSE,center,center,true,Agency Regular,Regular,17,false
data/defs/ui/packages/legacy_imgui/game/mcui_keyref_800.fit,game.mcui_keyref_800.button.close_keyref_close_reference,Button0,"close keyref \""CLOSE REFERENCE\""","514,538,256,32",legacy.mc2res.27708,CLOSE,27708,IDS_EN_CLOSE,center,center,true,Agency Regular,Regular,17,false
data/defs/ui/packages/legacy_imgui/game/mcui_mr_layout.fit,game.mcui_mr_layout.button.this_is_the_check_box_for_the_salvageable_mechs,SalvageAreaCheckBoxButton,This is the check box for the salvageable mechs.,"2,0,46,46",,,,,center,center,false,Agency Regular,Regular,14,false
data/defs/ui/packages/legacy_imgui/game/mcui_mr_layout.fit,game.mcui_mr_layout.button.done_button_in_lower_right_corner,SalvageAreaButton0,DONE button in lower right corner,"626,519,128,64",legacy.mc2res.45040,DONE,45040,IDS_DONE,center,center,true,Agency Regular,Regular,14,false
data/defs/ui/packages/legacy_imgui/game/mcui_mr_layout.fit,game.mcui_mr_layout.button.done_button_in_lower_right_corner_01,PilotReviewButton0,DONE button in lower right corner,"641,512,128,64",legacy.mc2res.45040,DONE,45040,IDS_DONE,center,center,true,Agency Regular,Regular,14,false
data/defs/ui/packages/legacy_imgui/game/mcui_mr_layout.fit,game.mcui_mr_layout.button.confirm_button_in_lower_right_corner,PromoteGadgetRightButton0,confirm button in lower right corner,"642,458,128,64",legacy.mc2res.45040,DONE,45040,IDS_DONE,center,center,true,Agency Regular,Regular,14,false
data/defs/ui/packages/legacy_imgui/game/mcui_mr_layout.fit,game.mcui_mr_layout.button.this_is_the_radio_button_for_the_skill_entries,PromoteGadgetRightRadioButton,This is the radio button for the skill entries,"5,5,46,46",,,,,center,center,false,Agency Regular,Regular,14,false
data/defs/ui/packages/legacy_imgui/game/mcui_mr_salvageareaentrybox.fit,game.mcui_mr_salvageareaentrybox.button.this_is_the_check_box_for_the_salvageable_mechs,Button0,This is the check box for the salvageable mechs.,"4,2,46,46",,,,,center,center,false,Agency Regular,Regular,14,false
data/defs/ui/packages/legacy_imgui/game/mcui_mr_specialtyskillsentrybox.fit,game.mcui_mr_specialtyskillsentrybox.button.this_is_the_radio_button_for_the_pilot_skill_entry_box,Button0,This is the radio button for the pilot skill entry box,"2,2,46,46",,,,,center,center,false,Agency Regular,Regular,14,false
data/defs/ui/packages/legacy_imgui/game/options_layout.fit,game.options_layout.button.done_button_in_lower_right_corner,OptionsAreaButton0,DONE button in lower right corner,"612,301,128,64",,,28017,,center,center,true,Agency Regular,Regular,14,false
data/defs/ui/packages/legacy_imgui/game/options_layout.fit,game.options_layout.button.this_is_the_check_box,OptionsAreaButton1,This is the check box,"25,25,46,46",,,,,center,center,false,Agency Regular,Regular,14,false
data/defs/ui/packages/legacy_imgui/game/options_layout.fit,game.options_layout.button.this_is_the_check_box_01,OptionsAreaButton2,This is the check box,"75,25,46,46",,,,,center,center,false,Agency Regular,Regular,14,false
data/defs/ui/packages/legacy_imgui/game/options_layout.fit,game.options_layout.button.this_is_the_check_box_02,OptionsAreaButton3,This is the check box,"275,25,46,46",,,,,center,center,false,Agency Regular,Regular,14,false
data/defs/ui/packages/legacy_imgui/game/options_layout.fit,game.options_layout.button.this_is_the_check_box_03,OptionsAreaButton4,This is the check box,"325,25,46,46",,,,,center,center,false,Agency Regular,Regular,14,false
data/defs/ui/packages/legacy_imgui/game/options_layout.fit,game.options_layout.button.this_is_the_check_box_04,OptionsAreaButton5,This is the check box,"525,25,46,46",,,,,center,center,false,Agency Regular,Regular,14,false
data/defs/ui/packages/legacy_imgui/game/options_layout.fit,game.options_layout.button.this_is_the_check_box_05,OptionsAreaButton6,This is the check box,"575,25,46,46",,,,,center,center,false,Agency Regular,Regular,14,false
data/defs/ui/packages/legacy_imgui/game/options_layout.fit,game.options_layout.button.this_is_the_check_box_06,OptionsAreaButton7,This is the check box,"25,125,46,46",,,,,center,center,false,Agency Regular,Regular,14,false
data/defs/ui/packages/legacy_imgui/game/options_layout.fit,game.options_layout.button.this_is_the_check_box_07,OptionsAreaButton8,This is the check box,"275,125,46,46",,,,,center,center,false,Agency Regular,Regular,14,false
data/defs/ui/packages/legacy_imgui/game/options_layout.fit,game.options_layout.button.this_is_the_check_box_08,OptionsAreaButton9,This is the check box,"525,125,46,46",,,,,center,center,false,Agency Regular,Regular,14,false
data/defs/ui/packages/legacy_imgui/game/options_layout.fit,game.options_layout.button.this_is_the_check_box_09,OptionsAreaButton10,This is the check box,"575,125,46,46",,,,,center,center,false,Agency Regular,Regular,14,false
data/defs/ui/packages/legacy_imgui/game/options_layout.fit,game.options_layout.button.this_is_the_check_box_10,OptionsAreaButton11,This is the check box,"25,225,46,46",,,,,center,center,false,Agency Regular,Regular,14,false
data/defs/ui/packages/legacy_imgui/game/options_layout.fit,game.options_layout.button.this_is_the_check_box_11,OptionsAreaButton12,This is the check box,"75,225,46,46",,,,,center,center,false,Agency Regular,Regular,14,false
data/defs/ui/packages/legacy_imgui/game/options_layout.fit,game.options_layout.button.this_is_the_check_box_12,OptionsAreaButton13,This is the check box,"125,225,46,46",,,,,center,center,false,Agency Regular,Regular,14,false
data/defs/ui/packages/legacy_imgui/game/options_layout.fit,game.options_layout.button.this_is_the_check_box_13,OptionsAreaButton14,This is the check box,"325,225,46,46",,,,,center,center,false,Agency Regular,Regular,14,false
data/defs/ui/packages/legacy_imgui/game/options_layout.fit,game.options_layout.button.this_is_the_check_box_14,OptionsAreaButton15,This is the check box,"525,225,46,46",,,,,center,center,false,Agency Regular,Regular,14,false
data/defs/ui/packages/legacy_imgui/game/options_layout.fit,game.options_layout.button.this_is_the_check_box_15,OptionsAreaButton16,This is the check box,"575,225,46,46",,,,,center,center,false,Agency Regular,Regular,14,false
data/defs/ui/packages/legacy_imgui/game/options_layout.fit,game.options_layout.button.cancel_button,OptionsAreaButton17,cancel button,"462,301,128,64",,,28016,,center,center,true,Agency Regular,Regular,14,false
